-- MySQL dump 10.13  Distrib 8.0.19, for Win64 (x86_64)
--
-- Host: 172.25.219.61    Database: excan013
-- ------------------------------------------------------
-- Server version	5.5.5-10.10.2-MariaDB

/*!40101 SET @OLD_CHARACTER_SET_CLIENT=@@CHARACTER_SET_CLIENT */;
/*!40101 SET @OLD_CHARACTER_SET_RESULTS=@@CHARACTER_SET_RESULTS */;
/*!40101 SET @OLD_COLLATION_CONNECTION=@@COLLATION_CONNECTION */;
/*!50503 SET NAMES utf8mb4 */;
/*!40103 SET @OLD_TIME_ZONE=@@TIME_ZONE */;
/*!40103 SET TIME_ZONE='+00:00' */;
/*!40014 SET @OLD_UNIQUE_CHECKS=@@UNIQUE_CHECKS, UNIQUE_CHECKS=0 */;
/*!40014 SET @OLD_FOREIGN_KEY_CHECKS=@@FOREIGN_KEY_CHECKS, FOREIGN_KEY_CHECKS=0 */;
/*!40101 SET @OLD_SQL_MODE=@@SQL_MODE, SQL_MODE='NO_AUTO_VALUE_ON_ZERO' */;
/*!40111 SET @OLD_SQL_NOTES=@@SQL_NOTES, SQL_NOTES=0 */;

--
-- Table structure for table `contacts_seq`
--

DROP TABLE IF EXISTS `contacts_seq`;
/*!40101 SET @saved_cs_client     = @@character_set_client */;
/*!50503 SET character_set_client = utf8mb4 */;
CREATE TABLE `contacts_seq` (
  `next_not_cached_value` bigint(21) NOT NULL,
  `minimum_value` bigint(21) NOT NULL,
  `maximum_value` bigint(21) NOT NULL,
  `start_value` bigint(21) NOT NULL COMMENT 'start value when sequences is created or value if RESTART is used',
  `increment` bigint(21) NOT NULL COMMENT 'increment value',
  `cache_size` bigint(21) unsigned NOT NULL,
  `cycle_option` tinyint(1) unsigned NOT NULL COMMENT '0 if no cycles are allowed, 1 if the sequence should begin a new cycle when maximum_value is passed',
  `cycle_count` bigint(21) NOT NULL COMMENT 'How many cycles have been done'
) ENGINE=InnoDB SEQUENCE=1;
/*!40101 SET character_set_client = @saved_cs_client */;

--
-- Dumping data for table `contacts_seq`
--

LOCK TABLES `contacts_seq` WRITE;
/*!40000 ALTER TABLE `contacts_seq` DISABLE KEYS */;
INSERT INTO `contacts_seq` VALUES (1,1,9223372036854775806,1,1,1000,0,0);
/*!40000 ALTER TABLE `contacts_seq` ENABLE KEYS */;
UNLOCK TABLES;

--
-- Table structure for table `tb_excan_access_token`
--

DROP TABLE IF EXISTS `tb_excan_access_token`;
/*!40101 SET @saved_cs_client     = @@character_set_client */;
/*!50503 SET character_set_client = utf8mb4 */;
CREATE TABLE `tb_excan_access_token` (
  `id` int(11) NOT NULL AUTO_INCREMENT,
  `create_at` datetime(6) DEFAULT NULL,
  `create_by` varchar(255) CHARACTER SET latin1 COLLATE latin1_swedish_ci DEFAULT NULL,
  `delete_at` datetime(6) DEFAULT NULL,
  `status` int(11) DEFAULT NULL,
  `token` varchar(255) CHARACTER SET latin1 COLLATE latin1_swedish_ci DEFAULT NULL,
  `update_at` datetime(6) DEFAULT NULL,
  `update_by` varchar(255) CHARACTER SET latin1 COLLATE latin1_swedish_ci DEFAULT NULL,
  PRIMARY KEY (`id`)
) ENGINE=InnoDB AUTO_INCREMENT=290 DEFAULT CHARSET=utf8mb4 COLLATE=utf8mb4_general_ci;
/*!40101 SET character_set_client = @saved_cs_client */;

--
-- Dumping data for table `tb_excan_access_token`
--

LOCK TABLES `tb_excan_access_token` WRITE;
/*!40000 ALTER TABLE `tb_excan_access_token` DISABLE KEYS */;
INSERT INTO `tb_excan_access_token` VALUES (1,NULL,NULL,NULL,1,'eyJhbGciOiJIUzI1NiJ9.eyJzdWIiOiIyMDIyNjYiLCJpYXQiOjE3MDQyNTMzNDcsImV4cCI6MTcwNDI4OTM0N30.b3l8HDDKQAYclgc-k29P-8Y15SDKt2EXJ-Z3uT6Pj_c',NULL,NULL),(2,NULL,NULL,NULL,1,'eyJhbGciOiJIUzI1NiJ9.eyJzdWIiOiIyMDIyNjYiLCJpYXQiOjE3MDQyNTM0NjUsImV4cCI6MTcwNDI4OTQ2NX0.D4bADoGriRm3wrsOxTfs5SAdJVxkuw5AvNrkB4NLnAs',NULL,NULL),(3,NULL,NULL,NULL,1,'eyJhbGciOiJIUzI1NiJ9.eyJzdWIiOiIyMDIyNjYiLCJpYXQiOjE3MDQ0NDEzNDAsImV4cCI6MTcwNDQ3NzM0MH0.I5PNoGRP2rTTn3EqFhL-znSPhCM4uu6Y4-judPLV8uA',NULL,NULL),(4,NULL,NULL,NULL,1,'eyJhbGciOiJIUzI1NiJ9.eyJzdWIiOiIyMDIyNzYiLCJpYXQiOjE3MDQ0NDE3OTEsImV4cCI6MTcwNDQ3Nzc5MX0.RRiocVwjG4sf9U9ZrO3tieZAXEDraYkD1IcHA6YrfyQ',NULL,NULL),(5,NULL,NULL,NULL,1,'eyJhbGciOiJIUzI1NiJ9.eyJzdWIiOiIyMDIyNjYiLCJpYXQiOjE3MDQ0NDE5NTEsImV4cCI6MTcwNDQ3Nzk1MX0.egpUN9Kqg9Y3CIwIrNOxeJDLjEsDhQMr5o0GKqMjMe4',NULL,NULL),(6,NULL,NULL,NULL,1,'eyJhbGciOiJIUzI1NiJ9.eyJzdWIiOiIyMDIyNjYiLCJpYXQiOjE3MDQ0NDIyMDYsImV4cCI6MTcwNDQ3ODIwNn0.mdBuje8gPPVi3gdCl-3o3Av_X2XoopqoUfnai-WbnXU',NULL,NULL),(7,NULL,NULL,NULL,1,'eyJhbGciOiJIUzI1NiJ9.eyJzdWIiOiIyMDIyODYiLCJpYXQiOjE3MDQ0NDI0MTIsImV4cCI6MTcwNDQ3ODQxMn0.JupqMjpzX-KjVcGy83q8Obsdm7F6GDm6F2LM7fIvjsI',NULL,NULL),(8,NULL,NULL,NULL,1,'eyJhbGciOiJIUzI1NiJ9.eyJzdWIiOiIyMDIyNjYiLCJpYXQiOjE3MDQ0NDI0NDQsImV4cCI6MTcwNDQ3ODQ0NH0.bW7AHA1FAROJenwiQjGRqkeb-vjox--d1ySMV5ckBTg',NULL,NULL),(9,NULL,NULL,NULL,1,'eyJhbGciOiJIUzI1NiJ9.eyJzdWIiOiIyMDIyNjYiLCJpYXQiOjE3MDQ0NDMwOTAsImV4cCI6MTcwNDQ3OTA5MH0.ZC7Ga1esU7XBsEtZJgjQpCeueFnJAGE1IW2aRB6WfiA',NULL,NULL),(10,NULL,NULL,NULL,1,'eyJhbGciOiJIUzI1NiJ9.eyJzdWIiOiIyMDIyNjYiLCJpYXQiOjE3MDQ0NDI5NjYsImV4cCI6MTcwNDQ3ODk2Nn0.q4ebjAr-x6t21bYbTkaITru4hWWmqL9gH8TAoRJ7zqA',NULL,NULL),(11,NULL,NULL,NULL,1,'eyJhbGciOiJIUzI1NiJ9.eyJzdWIiOiIyMDIyNjYiLCJpYXQiOjE3MDQ0NDM4MzIsImV4cCI6MTcwNDQ3OTgzMn0.EQ8ZQ9yKDvuw7veyatnLxPMwHjEUVKqpn6CIH0Fv7ds',NULL,NULL),(12,NULL,NULL,NULL,1,'eyJhbGciOiJIUzI1NiJ9.eyJzdWIiOiIyMDIyODYiLCJpYXQiOjE3MDQ0NDM5MjAsImV4cCI6MTcwNDQ3OTkyMH0.0TMkarDHMyf7tM322CmpaVk47_645cdq3o5h5XZxofg',NULL,NULL),(13,NULL,NULL,NULL,1,'eyJhbGciOiJIUzI1NiJ9.eyJzdWIiOiIyMDIyNjYiLCJpYXQiOjE3MDQ0NDc1MDMsImV4cCI6MTcwNDQ4MzUwM30.RC0iOKRLRrianPNjjEPyw4NnCm4ERNB8aTIBbLdlbtg',NULL,NULL),(14,NULL,NULL,NULL,1,'eyJhbGciOiJIUzI1NiJ9.eyJzdWIiOiIyMDIyNjYiLCJpYXQiOjE3MDQ0NDgyNzIsImV4cCI6MTcwNDQ4NDI3Mn0.JVZQFDeP7tSaJFq7W2-CDCFEOz-FMYzP9KA4PSCd4-A',NULL,NULL),(15,NULL,NULL,NULL,1,'eyJhbGciOiJIUzI1NiJ9.eyJzdWIiOiIyMDIyNjYiLCJpYXQiOjE3MDQ0NDgzMjcsImV4cCI6MTcwNDQ4NDMyN30.qCiVlohqn8Iv6faC19dL0h4xpPkXuShXxcJ15kQL6ZI',NULL,NULL),(16,NULL,NULL,NULL,1,'eyJhbGciOiJIUzI1NiJ9.eyJzdWIiOiIyMDIyNjYiLCJpYXQiOjE3MDQ0NDg0NjIsImV4cCI6MTcwNDQ4NDQ2Mn0.laPTi0CVDZ_IH6iU2bVHfHZKKsSmZIHCR1L9hkpocKM',NULL,NULL),(17,NULL,NULL,NULL,1,'eyJhbGciOiJIUzI1NiJ9.eyJzdWIiOiIyMDIyNjYiLCJpYXQiOjE3MDQ0NDg1MDYsImV4cCI6MTcwNDQ4NDUwNn0.he31ALuOlkvQbtm7LAxwyMf7DSEcEioeNvoQ2MdmEOg',NULL,NULL),(18,NULL,NULL,NULL,1,'eyJhbGciOiJIUzI1NiJ9.eyJzdWIiOiIyMDIyNjYiLCJpYXQiOjE3MDQ0NDg1NDUsImV4cCI6MTcwNDQ4NDU0NX0.9Ptf68xeDBidBS1WgoU7nun9Sha5eSPUNpJejhA06S4',NULL,NULL),(19,NULL,NULL,NULL,1,'eyJhbGciOiJIUzI1NiJ9.eyJzdWIiOiIyMDIyNjYiLCJpYXQiOjE3MDQ0NDg1ODIsImV4cCI6MTcwNDQ4NDU4Mn0.xbcR3W3OofUiCIL58cLF47maqxEXKB1pOnLsjAUgNak',NULL,NULL),(20,NULL,NULL,NULL,1,'eyJhbGciOiJIUzI1NiJ9.eyJzdWIiOiIyMDIyNjYiLCJpYXQiOjE3MDQ2NzczODQsImV4cCI6MTcwNDcxMzM4NH0.cn6oai4d_oCKiGO1biMUi8ZGV9bQ3rUpDCOVAijGTm0',NULL,NULL),(21,NULL,NULL,NULL,1,'eyJhbGciOiJIUzI1NiJ9.eyJzdWIiOiIyMDIyNjYiLCJpYXQiOjE3MDQ3MDIzNTgsImV4cCI6MTcwNDczODM1OH0.1QDWRzXZ0j6cDXcyFvo78dtALmGf_sdFMkOS4ZzRnFY',NULL,NULL),(22,NULL,NULL,NULL,1,'eyJhbGciOiJIUzI1NiJ9.eyJzdWIiOiIyMDIyNjYiLCJpYXQiOjE3MDQ3MDI1OTgsImV4cCI6MTcwNDczODU5OH0._IrGCpke2EEbxNZlrHEpqd3c0NMMiTPF58Op23-dQY4',NULL,NULL),(23,NULL,NULL,NULL,1,'eyJhbGciOiJIUzI1NiJ9.eyJzdWIiOiIyMDIyNjYiLCJpYXQiOjE3MDQ3MDI3MzEsImV4cCI6MTcwNDczODczMX0.n8a5GjZxcEDVvurNqWMTowlSz09Ww-z67ZMSku5VPXc',NULL,NULL),(24,NULL,NULL,NULL,1,'eyJhbGciOiJIUzI1NiJ9.eyJzdWIiOiIyMDIyNzYiLCJpYXQiOjE3MDQ3NTk1NzEsImV4cCI6MTcwNDc5NTU3MX0.jijmikPAWqpVQBOkuc1DpgmTCFxcFm3Y__TAutZTX1k',NULL,NULL),(25,NULL,NULL,NULL,1,'eyJhbGciOiJIUzI1NiJ9.eyJzdWIiOiIyMDIyNzYiLCJpYXQiOjE3MDQ3NjEwMDksImV4cCI6MTcwNDc5NzAwOX0.iJSKZe11YThNjH77djD5IjgKkli4BJxPNbXwRfZQ5d4',NULL,NULL),(26,NULL,NULL,NULL,1,'eyJhbGciOiJIUzI1NiJ9.eyJzdWIiOiIyMDIyNjYiLCJpYXQiOjE3MDQ3NjE2NDEsImV4cCI6MTcwNDc5NzY0MX0.sVjKjOWBGCwd5pgcvs3QZ3sf-BbzpxMKy4lpSWEG47s',NULL,NULL),(27,NULL,NULL,NULL,1,'eyJhbGciOiJIUzI1NiJ9.eyJzdWIiOiIyMDIyNjYiLCJpYXQiOjE3MDQ3NjgxNDksImV4cCI6MTcwNDgwNDE0OX0.f2u-Wxh55653BA5WyC_oMUkKnVTbJWBOdAI25YZ6QRQ',NULL,NULL),(28,NULL,NULL,NULL,1,'eyJhbGciOiJIUzI1NiJ9.eyJzdWIiOiIyMDIyNzYiLCJpYXQiOjE3MDQ3NjI3OTQsImV4cCI6MTcwNDc5ODc5NH0.6kprvMovIFEB7FA51fcXU6imLFPoWShFVOPR3tJHsj0',NULL,NULL),(29,NULL,NULL,NULL,1,'eyJhbGciOiJIUzI1NiJ9.eyJzdWIiOiIyMDIyNjYiLCJpYXQiOjE3MDQ3NjkxMDIsImV4cCI6MTcwNDgwNTEwMn0.MEb4r-MXDMazg-ExIjuIq40KqdUv8ftEgbk06JaWATg',NULL,NULL),(30,NULL,NULL,NULL,1,'eyJhbGciOiJIUzI1NiJ9.eyJzdWIiOiIyMDIyNjYiLCJpYXQiOjE3MDQ3Njk1NDAsImV4cCI6MTcwNDgwNTU0MH0.7uQt66WrJR6qAgqts0P0Ea0ctVucQI8-QtlXtzVXYdY',NULL,NULL),(31,NULL,NULL,NULL,1,'eyJhbGciOiJIUzI1NiJ9.eyJzdWIiOiIyMDIyNjYiLCJpYXQiOjE3MDQ3Njk4NDksImV4cCI6MTcwNDgwNTg0OX0.p6Kpi1T_cvkImy89AtRgt98rvnaQpbH-dgfeuzxqqSk',NULL,NULL),(32,NULL,NULL,NULL,1,'eyJhbGciOiJIUzI1NiJ9.eyJzdWIiOiIyMDIyNjYiLCJpYXQiOjE3MDQ3NzAyMDUsImV4cCI6MTcwNDgwNjIwNX0.gYUMMwaDLygGvLE-aHF7KrX0Jb4vtDXrxqijZuG7uIY',NULL,NULL),(33,NULL,NULL,NULL,1,'eyJhbGciOiJIUzI1NiJ9.eyJzdWIiOiIyMDIyNjYiLCJpYXQiOjE3MDQ3NzIzMzAsImV4cCI6MTcwNDgwODMzMH0.cl9KuQCCTgPStmB5Hna5WYsyUZ6l5-xWU2L57Qtmsbw',NULL,NULL),(34,NULL,NULL,NULL,1,'eyJhbGciOiJIUzI1NiJ9.eyJzdWIiOiIyMDIyNjYiLCJpYXQiOjE3MDQ3ODI0NzksImV4cCI6MTcwNDgxODQ3OX0.J59u13rTWjZi62CYSRNu6Pmo485X-JDBaITqZux4pc4',NULL,NULL),(35,NULL,NULL,NULL,1,'eyJhbGciOiJIUzI1NiJ9.eyJzdWIiOiIyMDIyNjYiLCJpYXQiOjE3MDQ3ODcxNTgsImV4cCI6MTcwNDgyMzE1OH0.fGKNmOjc9ABNl0ZHF9DNRzeKQ8Nn1V8dIujzxE_o1fQ',NULL,NULL),(36,NULL,NULL,NULL,1,'eyJhbGciOiJIUzI1NiJ9.eyJzdWIiOiIyMDIyNjYiLCJpYXQiOjE3MDQ3ODczMDksImV4cCI6MTcwNDgyMzMwOX0._J6TU17Xx1mw7NgDkiwSGxWAYpr5FGVq_B_uJnT7TpU',NULL,NULL),(37,NULL,NULL,NULL,1,'eyJhbGciOiJIUzI1NiJ9.eyJzdWIiOiIyMDIyNjYiLCJpYXQiOjE3MDQ3ODc0MjcsImV4cCI6MTcwNDgyMzQyN30.rbuE8Yx47TQIb6aO7WKDzj92CHKniQaZTHm20N_rn40',NULL,NULL),(38,NULL,NULL,NULL,1,'eyJhbGciOiJIUzI1NiJ9.eyJzdWIiOiIyMDIyNjYiLCJpYXQiOjE3MDQ3ODgxNTUsImV4cCI6MTcwNDgyNDE1NX0.RZgACAhdIz-hCsueg2FcOGYFAyV0ZmG9dNdOwTJYAe0',NULL,NULL),(39,NULL,NULL,NULL,1,'eyJhbGciOiJIUzI1NiJ9.eyJzdWIiOiIyMDIyNjYiLCJpYXQiOjE3MDQ3ODgyNzcsImV4cCI6MTcwNDgyNDI3N30.qt22YaeA7Vr7t0Yx0wFdqK4oaEM6vR-PFqPWupW7N3s',NULL,NULL),(40,NULL,NULL,NULL,1,'eyJhbGciOiJIUzI1NiJ9.eyJzdWIiOiIyMDIyNjYiLCJpYXQiOjE3MDQ3ODg5NDcsImV4cCI6MTcwNDgyNDk0N30.4OX58e3U0wHEqzrD6uGBohQ6XL3f4SZS-DIS4buAQlo',NULL,NULL),(41,NULL,NULL,NULL,1,'eyJhbGciOiJIUzI1NiJ9.eyJzdWIiOiIyMDIyNjYiLCJpYXQiOjE3MDQ3ODkxMjgsImV4cCI6MTcwNDgyNTEyOH0.1s2gR34Fn3tCECpBfIMVlO5Qy9J6acXvH282oj5CiRs',NULL,NULL),(42,NULL,NULL,NULL,1,'eyJhbGciOiJIUzI1NiJ9.eyJzdWIiOiIyMDIyNjYiLCJpYXQiOjE3MDQ3ODk1MTUsImV4cCI6MTcwNDgyNTUxNX0.kSsuV6VGu9nRevGIxGL3og7vibyUahDZu4ppQ_JU5n8',NULL,NULL),(43,NULL,NULL,NULL,1,'eyJhbGciOiJIUzI1NiJ9.eyJzdWIiOiIyMDIyNjYiLCJpYXQiOjE3MDQ3ODk1NTgsImV4cCI6MTcwNDgyNTU1OH0.0fWdaTI0Hg5WylaQ6WGWm1xlv8x1Pv29nNLfESTDmwA',NULL,NULL),(44,NULL,NULL,NULL,1,'eyJhbGciOiJIUzI1NiJ9.eyJzdWIiOiIyMDIyNjYiLCJpYXQiOjE3MDQ3ODk3NTIsImV4cCI6MTcwNDgyNTc1Mn0.DjrWxycoHdZ8V_8CBFVyt4T57bPzLqFtYj5rIL3GZTQ',NULL,NULL),(45,NULL,NULL,NULL,1,'eyJhbGciOiJIUzI1NiJ9.eyJzdWIiOiIyMDIyNjYiLCJpYXQiOjE3MDQ4NTAwODMsImV4cCI6MTcwNDg4NjA4M30.Oh2DKnG9S3bwGI53OdS6FwF6VSvPcDX3BxTA7-1-fmc',NULL,NULL),(46,NULL,NULL,NULL,1,'eyJhbGciOiJIUzI1NiJ9.eyJzdWIiOiIyMDIyNjYiLCJpYXQiOjE3MDQ4NTEyMTQsImV4cCI6MTcwNDg4NzIxNH0.T15J3YTQXhPFA1pcuOCFsM7IcGQleKRbhrRLHY3ht4g',NULL,NULL),(47,NULL,NULL,NULL,1,'eyJhbGciOiJIUzI1NiJ9.eyJzdWIiOiIyMDIyNzYiLCJpYXQiOjE3MDQ4NTI2ODMsImV4cCI6MTcwNDg4ODY4M30.vnxPgYCBd-NTDzibckiBIxC9kkdAyuVhsdh7MPgsRho',NULL,NULL),(48,NULL,NULL,NULL,1,'eyJhbGciOiJIUzI1NiJ9.eyJzdWIiOiIyMDIyNzYiLCJpYXQiOjE3MDQ4NTM1NDUsImV4cCI6MTcwNDg4OTU0NX0.qosx-LJVs6IsCID3TKlwACi9cWj8k7iCw6GUXR2HFXQ',NULL,NULL),(49,NULL,NULL,NULL,1,'eyJhbGciOiJIUzI1NiJ9.eyJzdWIiOiIyMDIyNzYiLCJpYXQiOjE3MDQ4NTM1ODcsImV4cCI6MTcwNDg4OTU4N30.XCYafLmv0nf5dqMx4cXWc3xhTPyI3DrZwqcWezUjyI0',NULL,NULL),(50,NULL,NULL,NULL,1,'eyJhbGciOiJIUzI1NiJ9.eyJzdWIiOiIyMDIyNzYiLCJpYXQiOjE3MDQ4NTM5MzIsImV4cCI6MTcwNDg4OTkzMn0._IM_uWfInh11M2xrLSOm1Fsmopwzj6FOkCkiNvnkI8o',NULL,NULL),(51,NULL,NULL,NULL,1,'eyJhbGciOiJIUzI1NiJ9.eyJzdWIiOiIyMDIyNzYiLCJpYXQiOjE3MDQ4NTQxNDMsImV4cCI6MTcwNDg5MDE0M30.o_zAKjWAXQXwzraCmTOxrzeh_-GkDiow3lhfUubWMKo',NULL,NULL),(52,NULL,NULL,NULL,1,'eyJhbGciOiJIUzI1NiJ9.eyJzdWIiOiIyMDIyNjYiLCJpYXQiOjE3MDQ4NDk4ODIsImV4cCI6MTcwNDg4NTg4Mn0.DS8kFHxKGHfmX-MZAsAXE-MTMen0PDUvoL-RGeYVHUs',NULL,NULL),(53,NULL,NULL,NULL,1,'eyJhbGciOiJIUzI1NiJ9.eyJzdWIiOiIyMDIyNzYiLCJpYXQiOjE3MDQ4NTQ0NzMsImV4cCI6MTcwNDg5MDQ3M30.dMtbcF8jmIEndpGOcvM4v8pcWN35GzG3LRz8MN5h4ts',NULL,NULL),(54,NULL,NULL,NULL,1,'eyJhbGciOiJIUzI1NiJ9.eyJzdWIiOiIyMDIyNzYiLCJpYXQiOjE3MDQ4NTU1MzAsImV4cCI6MTcwNDg5MTUzMH0.vDQhKveU4tb4ZIpUht9V2yTfYTxbENsuo6aHhsI6Qm8',NULL,NULL),(55,NULL,NULL,NULL,1,'eyJhbGciOiJIUzI1NiJ9.eyJzdWIiOiIyMDIyNzYiLCJpYXQiOjE3MDQ4NTU1NjEsImV4cCI6MTcwNDg5MTU2MX0.UQgw_k2fri0IRzQ3ORJmon6OLoyNucR73GOj-L73M3g',NULL,NULL),(56,NULL,NULL,NULL,1,'eyJhbGciOiJIUzI1NiJ9.eyJzdWIiOiIyMDIyNjYiLCJpYXQiOjE3MDQ4NTY2NzIsImV4cCI6MTcwNDg5MjY3Mn0.A_5HdFcGOefMsMwwonV3x3b66ukjvm0UgtgwJEfEDMw',NULL,NULL),(57,NULL,NULL,NULL,1,'eyJhbGciOiJIUzI1NiJ9.eyJzdWIiOiIyMDIyNjYiLCJpYXQiOjE3MDQ4NTcxMDgsImV4cCI6MTcwNDg5MzEwOH0.saH2jqsGnzB5wO9sp9dEQfrypETMPPR6Y-ZFN2_ng9o',NULL,NULL),(58,NULL,NULL,NULL,1,'eyJhbGciOiJIUzI1NiJ9.eyJzdWIiOiIyMDIyNjYiLCJpYXQiOjE3MDQ4NjEwOTgsImV4cCI6MTcwNDg5NzA5OH0.qQGsvCXhuiYyUnbp51dCB8giEwGJ1RzFSg57LAjdnYo',NULL,NULL),(59,NULL,NULL,NULL,1,'eyJhbGciOiJIUzI1NiJ9.eyJzdWIiOiIyMDIyNzYiLCJpYXQiOjE3MDQ4NjA5MTYsImV4cCI6MTcwNDg5NjkxNn0.-I1U4WBDTpBXD13o1dByrTCOGDtR-6udy42mTXAIN9M',NULL,NULL),(60,NULL,NULL,NULL,1,'eyJhbGciOiJIUzI1NiJ9.eyJzdWIiOiIyMDIyNjYiLCJpYXQiOjE3MDQ4NjcyNTgsImV4cCI6MTcwNDkwMzI1OH0.KGjt6DE7zuP-UQB77b9hDpF_rW2y_LkQGADfZypuLC8',NULL,NULL),(61,NULL,NULL,NULL,1,'eyJhbGciOiJIUzI1NiJ9.eyJzdWIiOiIyMDIyNjYiLCJpYXQiOjE3MDQ4Njc0NTIsImV4cCI6MTcwNDkwMzQ1Mn0.V8PMWe8uyTQRksS6o_j2cfbm4jFB3dELVcPP5m7Igm0',NULL,NULL),(62,NULL,NULL,NULL,1,'eyJhbGciOiJIUzI1NiJ9.eyJzdWIiOiIyMDIyNzYiLCJpYXQiOjE3MDQ4NjY0NTUsImV4cCI6MTcwNDkwMjQ1NX0.bH_FkDv_Hw2Arr-7qaE3TUTSJjRY9Pye5Yx6HXSjlgI',NULL,NULL),(63,NULL,NULL,NULL,1,'eyJhbGciOiJIUzI1NiJ9.eyJzdWIiOiIyMDIyNjYiLCJpYXQiOjE3MDQ4NjE0ODYsImV4cCI6MTcwNDg5NzQ4Nn0.TNT1J_fnWJD9sRDSjGtkDXalgz_GL8KTSd_m7pov92Y',NULL,NULL),(64,NULL,NULL,NULL,1,'eyJhbGciOiJIUzI1NiJ9.eyJzdWIiOiIyMDIyNjYiLCJpYXQiOjE3MDQ4Njg3NTMsImV4cCI6MTcwNDkwNDc1M30.oL9Tp4FwKLdo0WGbgbxoDNqSDxLuA-yNBX3nQhWsVaU',NULL,NULL),(65,NULL,NULL,NULL,1,'eyJhbGciOiJIUzI1NiJ9.eyJzdWIiOiIyMDIyNzYiLCJpYXQiOjE3MDQ4Njg1NDUsImV4cCI6MTcwNDkwNDU0NX0.Sw_FCpZ0TMAYtks4iZyEGo93WNPTQspCOQYTHgAXIuY',NULL,NULL),(66,NULL,NULL,NULL,1,'eyJhbGciOiJIUzI1NiJ9.eyJzdWIiOiIyMDIyNjYiLCJpYXQiOjE3MDQ4NjkxOTEsImV4cCI6MTcwNDkwNTE5MX0.AZwAZYC2iFjLbfaEEUXoaYwDcI5oH_3Zz64X8dy03A8',NULL,NULL),(67,NULL,NULL,NULL,1,'eyJhbGciOiJIUzI1NiJ9.eyJzdWIiOiIyMDIyNzYiLCJpYXQiOjE3MDQ4NjkyNjcsImV4cCI6MTcwNDkwNTI2N30.zELC1P_rTyAt91_63w1uFCdjbtuIzVYBXO0QoU50cCA',NULL,NULL),(68,NULL,NULL,NULL,1,'eyJhbGciOiJIUzI1NiJ9.eyJzdWIiOiIyMDIyNjYiLCJpYXQiOjE3MDQ4NjkzNjgsImV4cCI6MTcwNDkwNTM2OH0.pPNwd4Khm9Bfij5BFI5hojIOD08h70Uxc8ydLC6VHKw',NULL,NULL),(69,NULL,NULL,NULL,1,'eyJhbGciOiJIUzI1NiJ9.eyJzdWIiOiIyMDIyNjYiLCJpYXQiOjE3MDQ4Njk5NjUsImV4cCI6MTcwNDkwNTk2NX0.tRr5Uzuh4IuCeDlQNYkXjQUjRy8NcV3pD5YJw7Tj2Do',NULL,NULL),(70,NULL,NULL,NULL,1,'eyJhbGciOiJIUzI1NiJ9.eyJzdWIiOiIyMDIyNzYiLCJpYXQiOjE3MDQ4Njk4NDEsImV4cCI6MTcwNDkwNTg0MX0.42ufmzI9qR3cGhWfA2Mzoc2qFtIt9FayEftbdG1V18Q',NULL,NULL),(71,NULL,NULL,NULL,1,'eyJhbGciOiJIUzI1NiJ9.eyJzdWIiOiIyMDIyNjYiLCJpYXQiOjE3MDQ4NzAwMDcsImV4cCI6MTcwNDkwNjAwN30.Ll4UscJ2hzMCBwRAfV7N-tIeluaFNdQRPGzls5bbEqY',NULL,NULL),(72,NULL,NULL,NULL,1,'eyJhbGciOiJIUzI1NiJ9.eyJzdWIiOiIyMDIyNjYiLCJpYXQiOjE3MDQ4NzAwMjAsImV4cCI6MTcwNDkwNjAyMH0.6Kf002yqKusyVtvrckizmNdKDNsKAhMdGlet_mzqx18',NULL,NULL),(73,NULL,NULL,NULL,1,'eyJhbGciOiJIUzI1NiJ9.eyJzdWIiOiIyMDIyNjYiLCJpYXQiOjE3MDQ4NzAxOTIsImV4cCI6MTcwNDkwNjE5Mn0.XSfP8t6Kno1pPQuth-8HrwxzCYIrr6ZKPRRXKxwt8iM',NULL,NULL),(74,NULL,NULL,NULL,1,'eyJhbGciOiJIUzI1NiJ9.eyJzdWIiOiIyMDIyNjYiLCJpYXQiOjE3MDQ4NzA0NTAsImV4cCI6MTcwNDkwNjQ1MH0.Ylk29WUIhYoKbl94SY2m-pF2mSiJhNKBAEVm6dgm-ik',NULL,NULL),(75,NULL,NULL,NULL,1,'eyJhbGciOiJIUzI1NiJ9.eyJzdWIiOiIyMDIyNjYiLCJpYXQiOjE3MDQ4NzEzNDEsImV4cCI6MTcwNDkwNzM0MX0.zMMLhTI1mmTVYvGytZx9SV2QiKeoMmehDwB2GvVIlvo',NULL,NULL),(76,NULL,NULL,NULL,1,'eyJhbGciOiJIUzI1NiJ9.eyJzdWIiOiIyMDIyNjYiLCJpYXQiOjE3MDQ4NzE1MDIsImV4cCI6MTcwNDkwNzUwMn0.8rvAz9-DoaTy69F-gURnBerLKDBQJtp7MGA9CDj3TXg',NULL,NULL),(77,NULL,NULL,NULL,1,'eyJhbGciOiJIUzI1NiJ9.eyJzdWIiOiIyMDIyNjYiLCJpYXQiOjE3MDQ4NzE1NTYsImV4cCI6MTcwNDkwNzU1Nn0.DI8VwDg4tjrMv12A87nyF4JivrooXlwJ5bakzKqgqYQ',NULL,NULL),(78,NULL,NULL,NULL,1,'eyJhbGciOiJIUzI1NiJ9.eyJzdWIiOiIyMDIyNjYiLCJpYXQiOjE3MDQ4NzE4NDEsImV4cCI6MTcwNDkwNzg0MX0.8cMwr2ilX3FHWC2eOyNqpCsN8mbqGafU8sR5_aqzaX4',NULL,NULL),(79,NULL,NULL,NULL,1,'eyJhbGciOiJIUzI1NiJ9.eyJzdWIiOiIyMDIyNjYiLCJpYXQiOjE3MDQ4NzE5NjQsImV4cCI6MTcwNDkwNzk2NH0.ShatFVv1jCpaBZIjsC2qv0ptTk0d4T30Y5iiVeqw4FU',NULL,NULL),(80,NULL,NULL,NULL,1,'eyJhbGciOiJIUzI1NiJ9.eyJzdWIiOiIyMDIyNjYiLCJpYXQiOjE3MDQ4NzI0NTcsImV4cCI6MTcwNDkwODQ1N30.9QhlTnCoasPUDLuZrEWI9rl1thRNS8W1z7ly3OAN5Gk',NULL,NULL),(81,NULL,NULL,NULL,1,'eyJhbGciOiJIUzI1NiJ9.eyJzdWIiOiIyMDIyNjYiLCJpYXQiOjE3MDQ4NzMxMzAsImV4cCI6MTcwNDkwOTEzMH0.OesmGYAM1UP9MJ_ZeDsNLQOrtav49Y4MtRDBy68Vv6Y',NULL,NULL),(82,NULL,NULL,NULL,1,'eyJhbGciOiJIUzI1NiJ9.eyJzdWIiOiIyMDIyNjYiLCJpYXQiOjE3MDQ4NzQxMDUsImV4cCI6MTcwNDkxMDEwNX0.-KpUerJWO7wvDSWY1VpBDLYlt8aOAiIDp1VdZQmL_78',NULL,NULL),(83,NULL,NULL,NULL,1,'eyJhbGciOiJIUzI1NiJ9.eyJzdWIiOiIyMDIyNjYiLCJpYXQiOjE3MDQ4NzQxNTcsImV4cCI6MTcwNDkxMDE1N30.fGRUJzeF-0PzSNuGhiEu1pICYm-RST5xA8m6IYq9IwM',NULL,NULL),(84,NULL,NULL,NULL,1,'eyJhbGciOiJIUzI1NiJ9.eyJzdWIiOiIyMDIyNjYiLCJpYXQiOjE3MDQ4NzQ0ODcsImV4cCI6MTcwNDkxMDQ4N30.ZywcK55oK1MR5AVvoyH69DL6wImIfF5h-eAyRfnQFtQ',NULL,NULL),(85,NULL,NULL,NULL,1,'eyJhbGciOiJIUzI1NiJ9.eyJzdWIiOiIyMDIyNjYiLCJpYXQiOjE3MDQ4NzQ1NjEsImV4cCI6MTcwNDkxMDU2MX0.0LPkEaQWfBPaQdiNphmFerdrFKUPbFXeccBTUYRwmLc',NULL,NULL),(86,NULL,NULL,NULL,1,'eyJhbGciOiJIUzI1NiJ9.eyJzdWIiOiIyMDIyNjYiLCJpYXQiOjE3MDQ4NzQ2NjgsImV4cCI6MTcwNDkxMDY2OH0.vG0JyE354J0JnLLeyU4VeBz_Rl51o7veKn0w4o7mmmg',NULL,NULL),(87,NULL,NULL,NULL,1,'eyJhbGciOiJIUzI1NiJ9.eyJzdWIiOiIyMDIyNjYiLCJpYXQiOjE3MDQ4NzUwNDMsImV4cCI6MTcwNDkxMTA0M30.0pTx77hRxNIozvHmZ_paBX-D1So6S5BwwM7BT4Dtr9k',NULL,NULL),(88,NULL,NULL,NULL,1,'eyJhbGciOiJIUzI1NiJ9.eyJzdWIiOiIyMDIyNjYiLCJpYXQiOjE3MDQ4NzU1NzcsImV4cCI6MTcwNDkxMTU3N30.GBMOdPFw35qQp6LA5YDwl3gfyUP-xR1SGdvclrW5hSA',NULL,NULL),(89,NULL,NULL,NULL,1,'eyJhbGciOiJIUzI1NiJ9.eyJzdWIiOiIyMDIyNjYiLCJpYXQiOjE3MDQ4NzU3OTIsImV4cCI6MTcwNDkxMTc5Mn0.7n6V2ekGqe7Fn3902nJHEfQVODtVJnyMhstMolWTAI4',NULL,NULL),(90,NULL,NULL,NULL,1,'eyJhbGciOiJIUzI1NiJ9.eyJzdWIiOiIyMDIyNjYiLCJpYXQiOjE3MDQ4NzY2NzEsImV4cCI6MTcwNDkxMjY3MX0.EwFeB79Ipxx3a7XdjZ2QfsvfeZ-UpAf4RnJ2phAkiFc',NULL,NULL),(91,NULL,NULL,NULL,1,'eyJhbGciOiJIUzI1NiJ9.eyJzdWIiOiIyMDIyNjYiLCJpYXQiOjE3MDQ5NDQ1NzIsImV4cCI6MTcwNDk4MDU3Mn0.ZL6rN6OWg7kZVGmdSIzign5V1aLGkHoeAbENGSieElI',NULL,NULL),(92,NULL,NULL,NULL,1,'eyJhbGciOiJIUzI1NiJ9.eyJzdWIiOiIyMDIyNjYiLCJpYXQiOjE3MDQ5NjE1NDUsImV4cCI6MTcwNDk5NzU0NX0.6SnA5xHcs1ewqdnMVU4zmf_KX9ycBKrcqHnDqaKcySM',NULL,NULL),(93,NULL,NULL,NULL,1,'eyJhbGciOiJIUzI1NiJ9.eyJzdWIiOiIyMDIyNzYiLCJpYXQiOjE3MDQ5NjE3MTAsImV4cCI6MTcwNDk5NzcxMH0.OO5-kTRFEFi37MzhCzTQ27GN5j3SHHmXgOxJHrTNv_Q',NULL,NULL),(94,NULL,NULL,NULL,1,'eyJhbGciOiJIUzI1NiJ9.eyJzdWIiOiIyMDIyNjYiLCJpYXQiOjE3MDQ5NjE4MTksImV4cCI6MTcwNDk5NzgxOX0.EhTZdChndH8mVAyYzKHGZjgxOPoEzLfLkPDyiuJNv4g',NULL,NULL),(95,NULL,NULL,NULL,1,'eyJhbGciOiJIUzI1NiJ9.eyJzdWIiOiIyMDIyNjYiLCJpYXQiOjE3MDQ5NjIyMDEsImV4cCI6MTcwNDk5ODIwMX0.Vk7aCcCIpz70Wme_LHzovJsOh15iQAeqoBm6z0yFVzk',NULL,NULL),(96,NULL,NULL,NULL,1,'eyJhbGciOiJIUzI1NiJ9.eyJzdWIiOiIyMDIyNjYiLCJpYXQiOjE3MDQ5NjIzMjEsImV4cCI6MTcwNDk5ODMyMX0.zyjSh-xlNgSUr8BMUr8WTbWQtABdmGv3Nb9F-TIb-lw',NULL,NULL),(97,NULL,NULL,NULL,1,'eyJhbGciOiJIUzI1NiJ9.eyJzdWIiOiIyMDIyNjYiLCJpYXQiOjE3MDQ5NjI4NjAsImV4cCI6MTcwNDk5ODg2MH0.VYDJVdZrioMCBXe9ALS3QLFO-hyFRWa2OEAY5fYM5l4',NULL,NULL),(98,NULL,NULL,NULL,1,'eyJhbGciOiJIUzI1NiJ9.eyJzdWIiOiIyMDIyNjYiLCJpYXQiOjE3MDQ5NjM0MjUsImV4cCI6MTcwNDk5OTQyNX0.0ehmZN3mDFDnB1xV-So1zpv6VYAYW-8Qfh9twVLW6iI',NULL,NULL),(99,NULL,NULL,NULL,1,'eyJhbGciOiJIUzI1NiJ9.eyJzdWIiOiIyMDIyNjYiLCJpYXQiOjE3MDUwMjQwMzgsImV4cCI6MTcwNTA2MDAzOH0.OwdhZojRQ9LZKCPwXJ-5I5wwe81gVMi4R9AtKpj6JaA',NULL,NULL),(100,NULL,NULL,NULL,1,'eyJhbGciOiJIUzI1NiJ9.eyJzdWIiOiIyMDIyNjYiLCJpYXQiOjE3MDUwMjg0MTUsImV4cCI6MTcwNTA2NDQxNX0.QrOtLvBKFOXi-iL_nDW5wtd1OCAxRF8dCq_-hpWpcJY',NULL,NULL),(101,NULL,NULL,NULL,1,'eyJhbGciOiJIUzI1NiJ9.eyJzdWIiOiIyMDIyNjYiLCJpYXQiOjE3MDUwMzExODMsImV4cCI6MTcwNTA2NzE4M30.sL5ZrLaqnusygj5WQiGSQUAIjQvwanDe-BJw7jJV7HE',NULL,NULL),(102,NULL,NULL,NULL,1,'eyJhbGciOiJIUzI1NiJ9.eyJzdWIiOiIyMDIyNjYiLCJpYXQiOjE3MDUwMzExNzAsImV4cCI6MTcwNTA2NzE3MH0.DMRqxmZPnOFvFJeTcLoS_7uwtnvmxrECBSd50EefKTY',NULL,NULL),(103,NULL,NULL,NULL,1,'eyJhbGciOiJIUzI1NiJ9.eyJzdWIiOiIyMDIyNjYiLCJpYXQiOjE3MDUwMzI3NTIsImV4cCI6MTcwNTA2ODc1Mn0.krxDT0_8oiBINGY0Hna4ZYhUi5ChmDzN2X2gtyueXxI',NULL,NULL),(104,NULL,NULL,NULL,1,'eyJhbGciOiJIUzI1NiJ9.eyJzdWIiOiIyMDIzMDgiLCJpYXQiOjE3MDUwNDQxNDEsImV4cCI6MTcwNTA4MDE0MX0.CNqC4q75FhKKTpzq3hPksla1Dj44cFQMqbT71rglBlg',NULL,NULL),(105,NULL,NULL,NULL,1,'eyJhbGciOiJIUzI1NiJ9.eyJzdWIiOiIyMDIyNjYiLCJpYXQiOjE3MDUwNDU3MjUsImV4cCI6MTcwNTA4MTcyNX0.Srw2G6aRbQAqoE27bSbviCYZ69qoMRuqmEtOMP9ZkdQ',NULL,NULL),(106,NULL,NULL,NULL,1,'eyJhbGciOiJIUzI1NiJ9.eyJzdWIiOiIyMDIyOTIiLCJpYXQiOjE3MDUwNDk5MTcsImV4cCI6MTcwNTA4NTkxN30.HsS8WBSb4uAVQAuy4dk3oQltG0JVnSryJJaE8SU2R5s',NULL,NULL),(107,NULL,NULL,NULL,1,'eyJhbGciOiJIUzI1NiJ9.eyJzdWIiOiIyMDIyNjYiLCJpYXQiOjE3MDUwNTEyNDgsImV4cCI6MTcwNTA4NzI0OH0.W54TTtcwlWyrGPFRMm0cRkv3wfAzLEGFCffC-pZDWaY',NULL,NULL),(108,NULL,NULL,NULL,1,'eyJhbGciOiJIUzI1NiJ9.eyJzdWIiOiIyMDIyNjYiLCJpYXQiOjE3MDUwNTI0NTQsImV4cCI6MTcwNTA4ODQ1NH0.daXyZJSe0ZKvg3VWGmh8aOtA6sP8OBtaHEbr0icRggE',NULL,NULL),(109,NULL,NULL,NULL,1,'eyJhbGciOiJIUzI1NiJ9.eyJzdWIiOiIyMDIyOTIiLCJpYXQiOjE3MDUyODExMTksImV4cCI6MTcwNTMxNzExOX0.LmwZkkp0arhvvbyCSW5nrohZVWhoNnUpx_5O16U_U7A',NULL,NULL),(110,NULL,NULL,NULL,1,'eyJhbGciOiJIUzI1NiJ9.eyJzdWIiOiIyMDIyODYiLCJpYXQiOjE3MDUyODIyMjAsImV4cCI6MTcwNTMxODIyMH0.OzL9N7aRzu6sy4przpCdMf-JGvKbMPPDKV5I6WPuLXo',NULL,NULL),(111,NULL,NULL,NULL,1,'eyJhbGciOiJIUzI1NiJ9.eyJzdWIiOiIyMDIyNjYiLCJpYXQiOjE3MDUyODE0NzMsImV4cCI6MTcwNTMxNzQ3M30.uimo6TOCkju0jdauWamNp0GHUP7oGngtpfnMAdEcGcA',NULL,NULL),(112,NULL,NULL,NULL,1,'eyJhbGciOiJIUzI1NiJ9.eyJzdWIiOiIyMDIyNjYiLCJpYXQiOjE3MDUyNzc0OTYsImV4cCI6MTcwNTMxMzQ5Nn0.lFHi8jie-KJXUt2Q8oEE5jKspyI8BQm3YdVIKnRdl60',NULL,NULL),(113,NULL,NULL,NULL,1,'eyJhbGciOiJIUzI1NiJ9.eyJzdWIiOiIyMDIyNjYiLCJpYXQiOjE3MDUzNzc0NTEsImV4cCI6MTcwNTQxMzQ1MX0.o6W5riGcxlGV9qqeGRbp31ldaCQgYvlAp_wv4sxcDYU',NULL,NULL),(114,NULL,NULL,NULL,1,'eyJhbGciOiJIUzI1NiJ9.eyJzdWIiOiIyMDIyNjYiLCJpYXQiOjE3MDUzODU2MjQsImV4cCI6MTcwNTQyMTYyNH0.hwfrOc1kYkO99iPvCFSz5TAqsBzYz25nGsLKjRone_M',NULL,NULL),(115,NULL,NULL,NULL,1,'eyJhbGciOiJIUzI1NiJ9.eyJzdWIiOiIyMDIyNjYiLCJpYXQiOjE3MDUzODc0MTUsImV4cCI6MTcwNTQyMzQxNX0.zc8UEGhR2D9s1lb09wLCvJg0UfmAnFpiqulGYHCkMJY',NULL,NULL),(116,NULL,NULL,NULL,1,'eyJhbGciOiJIUzI1NiJ9.eyJzdWIiOiIyMDIyNjYiLCJpYXQiOjE3MDUzODk0MDYsImV4cCI6MTcwNTQyNTQwNn0.7lke18f-H2EPsBYwwrQXgjkEhzRaPYinSwErHU1jGYE',NULL,NULL),(117,NULL,NULL,NULL,1,'eyJhbGciOiJIUzI1NiJ9.eyJzdWIiOiIyMDIyNjAiLCJpYXQiOjE3MDUzODk3NzYsImV4cCI6MTcwNTQyNTc3Nn0.E4oRrV-x711y2qwAwwfkLyTPrhsQG4Oyxa3hZKITGao',NULL,NULL),(118,NULL,NULL,NULL,1,'eyJhbGciOiJIUzI1NiJ9.eyJzdWIiOiIyMDIyNjYiLCJpYXQiOjE3MDUzNzE2ODIsImV4cCI6MTcwNTQwNzY4Mn0.m6cxZoMFxxKO_hQbPnNaMzduSLLngS-rNGvDGH8njHw',NULL,NULL),(119,NULL,NULL,NULL,1,'eyJhbGciOiJIUzI1NiJ9.eyJzdWIiOiIyMDIyNjAiLCJpYXQiOjE3MDUzOTAyNzgsImV4cCI6MTcwNTQyNjI3OH0.5TGBxCpQAfPyHmfcoQ1d_4WjNr0czBt257v6lZsqgUA',NULL,NULL),(120,NULL,NULL,NULL,1,'eyJhbGciOiJIUzI1NiJ9.eyJzdWIiOiIyMDIyNjAiLCJpYXQiOjE3MDUzOTA3NjUsImV4cCI6MTcwNTQyNjc2NX0.9MGkEOMxEIQHTWMEdNgRawNDLod-BNXc6kQ6rKmeZIk',NULL,NULL),(121,NULL,NULL,NULL,1,'eyJhbGciOiJIUzI1NiJ9.eyJzdWIiOiIyMDIyNjAiLCJpYXQiOjE3MDUzOTIxOTAsImV4cCI6MTcwNTQyODE5MH0.AQ7NjwbbblMH6Z0CAMjh4Pj8kpwTFIaZRPt7-P5drU8',NULL,NULL),(122,NULL,NULL,NULL,1,'eyJhbGciOiJIUzI1NiJ9.eyJzdWIiOiIyMDIyNjAiLCJpYXQiOjE3MDUzOTIzMjYsImV4cCI6MTcwNTQyODMyNn0.F-Hp0qWWF9y9gc7Ydo6r-7TszCT0cLC_cCdfuRFQJeU',NULL,NULL),(123,NULL,NULL,NULL,1,'eyJhbGciOiJIUzI1NiJ9.eyJzdWIiOiIyMDIyOTAiLCJpYXQiOjE3MDUzOTIzNjAsImV4cCI6MTcwNTQyODM2MH0.pyTEyN9-fJtt2FuXIrKqWn6-PKOeGXCw5f6eU8eMShY',NULL,NULL),(124,NULL,NULL,NULL,1,'eyJhbGciOiJIUzI1NiJ9.eyJzdWIiOiIyMDIyNjYiLCJpYXQiOjE3MDUzOTIzNTgsImV4cCI6MTcwNTQyODM1OH0.4k-FWUeT7fBY4LonEcetZPB94ZS5pmyiOCGVsiO_2zc',NULL,NULL),(125,NULL,NULL,NULL,1,'eyJhbGciOiJIUzI1NiJ9.eyJzdWIiOiIyMDIyNjYiLCJpYXQiOjE3MDUzOTI0MjAsImV4cCI6MTcwNTQyODQyMH0.CWYyhqBIcNx0IgwAdP4_gwXGoQocxxhzL6CYtJrFpgI',NULL,NULL),(126,NULL,NULL,NULL,1,'eyJhbGciOiJIUzI1NiJ9.eyJzdWIiOiIyMDIyNjAiLCJpYXQiOjE3MDUzOTI0NTIsImV4cCI6MTcwNTQyODQ1Mn0.oHoNf1gB9WVIwCpERo-ECQYexOypblmZ0IqhDBLIwjQ',NULL,NULL),(127,NULL,NULL,NULL,1,'eyJhbGciOiJIUzI1NiJ9.eyJzdWIiOiIyMDIyNjYiLCJpYXQiOjE3MDUzOTI0NzIsImV4cCI6MTcwNTQyODQ3Mn0.P_sSytqvPiQxwKWm_qQ9uX_WDRDPXNrijeZ_Yy-PpXI',NULL,NULL),(128,NULL,NULL,NULL,1,'eyJhbGciOiJIUzI1NiJ9.eyJzdWIiOiIyMDIyNjAiLCJpYXQiOjE3MDUzOTI0ODcsImV4cCI6MTcwNTQyODQ4N30.duJLuf2dknU6ikDudJri48enlDUnYMRDw30Zy0VX6q8',NULL,NULL),(129,NULL,NULL,NULL,1,'eyJhbGciOiJIUzI1NiJ9.eyJzdWIiOiIyMDIyNjYiLCJpYXQiOjE3MDUzOTI2MDcsImV4cCI6MTcwNTQyODYwN30.OQaqDIAQcibnp11VIL_6zSpPqZ-SgpZ_ARZpEKjypW8',NULL,NULL),(130,NULL,NULL,NULL,1,'eyJhbGciOiJIUzI1NiJ9.eyJzdWIiOiIyMDIyNjYiLCJpYXQiOjE3MDUzOTMwMTUsImV4cCI6MTcwNTQyOTAxNX0.DjL9zxlrf5GEZEmgsNvH7Wu41Gw5nWMF1TF1AsOTvJk',NULL,NULL),(131,NULL,NULL,NULL,1,'eyJhbGciOiJIUzI1NiJ9.eyJzdWIiOiIyMDIyNjYiLCJpYXQiOjE3MDUzOTUyNzMsImV4cCI6MTcwNTQzMTI3M30.7fYrf-5RP3h3OWp2ZO_3ApIIKYpvgfOALfSuEAm4Uzo',NULL,NULL),(132,NULL,NULL,NULL,1,'eyJhbGciOiJIUzI1NiJ9.eyJzdWIiOiIyMDIyNzYiLCJpYXQiOjE3MDU0NTExNzYsImV4cCI6MTcwNTQ4NzE3Nn0.NXSDFXDUiEApGeRYuCnc5NpgChUxoiVjYyxn3k_ibkE',NULL,NULL),(133,NULL,NULL,NULL,1,'eyJhbGciOiJIUzI1NiJ9.eyJzdWIiOiIyMDIyNzYiLCJpYXQiOjE3MDU0NTEzMTgsImV4cCI6MTcwNTQ4NzMxOH0.D5Q6bNr977giI5U6tAm1-ENVSI_d55aoDpL8JMtmRco',NULL,NULL),(134,NULL,NULL,NULL,1,'eyJhbGciOiJIUzI1NiJ9.eyJzdWIiOiIyMDIyNzYiLCJpYXQiOjE3MDU0NTIzNTgsImV4cCI6MTcwNTQ4ODM1OH0.S9ZNwwmVP-hhJmqnh-8RM4oUj5xCWM3x1U7NvBsitqU',NULL,NULL),(135,NULL,NULL,NULL,1,'eyJhbGciOiJIUzI1NiJ9.eyJzdWIiOiIyMDIyNjYiLCJpYXQiOjE3MDU0NTM2NDgsImV4cCI6MTcwNTQ4OTY0OH0.hkbtM_GgDaKUoSIW5oeiAtqdMCWTVAa2SJTr6gbO2aM',NULL,NULL),(136,NULL,NULL,NULL,1,'eyJhbGciOiJIUzI1NiJ9.eyJzdWIiOiIyMDIyNjYiLCJpYXQiOjE3MDU0NTM3NDksImV4cCI6MTcwNTQ4OTc0OX0.5UAUoqAgCasYISpA41po_POaax-DPY_pZLmtqOB_BhU',NULL,NULL),(137,NULL,NULL,NULL,1,'eyJhbGciOiJIUzI1NiJ9.eyJzdWIiOiIyMDIyNzYiLCJpYXQiOjE3MDU0NTIzODksImV4cCI6MTcwNTQ4ODM4OX0.cw8mx0NavwBedHYJHdLX4bHPaRwfWI7KN5QBzg-iFR4',NULL,NULL),(138,NULL,NULL,NULL,1,'eyJhbGciOiJIUzI1NiJ9.eyJzdWIiOiIyMDIyNzYiLCJpYXQiOjE3MDU0NTM5MzAsImV4cCI6MTcwNTQ4OTkzMH0.2gbznOS20h09wsZ4MdrCKMjqOLybXWQz4JGcHOsBpgQ',NULL,NULL),(139,NULL,NULL,NULL,1,'eyJhbGciOiJIUzI1NiJ9.eyJzdWIiOiIyMDIyNzYiLCJpYXQiOjE3MDU0NTQwMjgsImV4cCI6MTcwNTQ5MDAyOH0.cb19UOmwbzU92bHF5kI4JcZTPM0M8vwK-69lbLYEsCc',NULL,NULL),(140,NULL,NULL,NULL,1,'eyJhbGciOiJIUzI1NiJ9.eyJzdWIiOiIyMDIyNzYiLCJpYXQiOjE3MDU0NTQ0MTIsImV4cCI6MTcwNTQ5MDQxMn0.sXvxWItIAvxeuj9K2Kiqf_4Hi7Am-q1hw6I_4-RHAeA',NULL,NULL),(141,NULL,NULL,NULL,1,'eyJhbGciOiJIUzI1NiJ9.eyJzdWIiOiIyMDIyNjAiLCJpYXQiOjE3MDU0NTQ1MjQsImV4cCI6MTcwNTQ5MDUyNH0.jUkWpE22EH5iNS8ke9hJs4KJq_6FMmcHh6tDNU0hgaE',NULL,NULL),(142,NULL,NULL,NULL,1,'eyJhbGciOiJIUzI1NiJ9.eyJzdWIiOiIyMDIyNzYiLCJpYXQiOjE3MDU0NTQ2OTksImV4cCI6MTcwNTQ5MDY5OX0.flUuqLMl0TnzcB5M0B645bPGHoBLFyp5P9UFvw_WGTY',NULL,NULL),(143,NULL,NULL,NULL,1,'eyJhbGciOiJIUzI1NiJ9.eyJzdWIiOiIyMDIyNzYiLCJpYXQiOjE3MDU0NTUyMzcsImV4cCI6MTcwNTQ5MTIzN30.feEAjQ8y7VES5Pz9DA_zNBNyAe8sgJ14HYLuD8s82dA',NULL,NULL),(144,NULL,NULL,NULL,1,'eyJhbGciOiJIUzI1NiJ9.eyJzdWIiOiIyMDIyNzYiLCJpYXQiOjE3MDU0NTY1MTIsImV4cCI6MTcwNTQ5MjUxMn0.4Eg6aZJsFGlW7P_4qkNwZoz4QLm_Rimc4UsGT5sG1pI',NULL,NULL),(145,NULL,NULL,NULL,1,'eyJhbGciOiJIUzI1NiJ9.eyJzdWIiOiIyMDIyNjYiLCJpYXQiOjE3MDU0NTc4NDgsImV4cCI6MTcwNTQ5Mzg0OH0.CJ6HbyX5h-kk8DblAm4xQnxCVNjkUF_L8miXXk6UPDs',NULL,NULL),(146,NULL,NULL,NULL,1,'eyJhbGciOiJIUzI1NiJ9.eyJzdWIiOiIyMDIyNzYiLCJpYXQiOjE3MDU0NTk3NTgsImV4cCI6MTcwNTQ5NTc1OH0.2OBjvZbeO02r2n-3IZf5EMY_jW51YN3YWhQv5AckRZ4',NULL,NULL),(147,NULL,NULL,NULL,1,'eyJhbGciOiJIUzI1NiJ9.eyJzdWIiOiIyMDIyNzYiLCJpYXQiOjE3MDU0NTk0MjIsImV4cCI6MTcwNTQ5NTQyMn0.Mm8vzgfNlqiMSrTJWuqfjQkvJn72aU_gSlGqBRP8p-k',NULL,NULL),(148,NULL,NULL,NULL,1,'eyJhbGciOiJIUzI1NiJ9.eyJzdWIiOiIyMDIyNjYiLCJpYXQiOjE3MDU0NjA3MzQsImV4cCI6MTcwNTQ5NjczNH0.pGmeDG58gahPwngptRsvBDdlA0uG9zHwDo100lq2mSs',NULL,NULL),(149,NULL,NULL,NULL,1,'eyJhbGciOiJIUzI1NiJ9.eyJzdWIiOiIyMDIyNjYiLCJpYXQiOjE3MDU0NTcxNzAsImV4cCI6MTcwNTQ5MzE3MH0.iHM8xPTJJlUVeY1Q11ivyXXsfZnB21mInb7G6NpIKeU',NULL,NULL),(150,NULL,NULL,NULL,1,'eyJhbGciOiJIUzI1NiJ9.eyJzdWIiOiIyMDIzMTYiLCJpYXQiOjE3MDU0NjE4MzYsImV4cCI6MTcwNTQ5NzgzNn0.pnk4bYXcdBvfkK-oqxDxndblXBI_SyqSMsyvdcbGSSc',NULL,NULL),(151,NULL,NULL,NULL,1,'eyJhbGciOiJIUzI1NiJ9.eyJzdWIiOiIyMDIyNzYiLCJpYXQiOjE3MDU0NjEzOTYsImV4cCI6MTcwNTQ5NzM5Nn0.1sluA0Amz0Um4KvWUxxhg5C4X1w9nYY9yfStq1AYirw',NULL,NULL),(152,NULL,NULL,NULL,1,'eyJhbGciOiJIUzI1NiJ9.eyJzdWIiOiIyMDIyNjAiLCJpYXQiOjE3MDU0NjY0MTIsImV4cCI6MTcwNTUwMjQxMn0.5dh-PiTnZ27828Es02pxv3oacDaVuF5fwQ9v8o50UXc',NULL,NULL),(153,NULL,NULL,NULL,1,'eyJhbGciOiJIUzI1NiJ9.eyJzdWIiOiIyMDIyNjYiLCJpYXQiOjE3MDU0NjY1MDMsImV4cCI6MTcwNTUwMjUwM30.Logf73Adq0Xlhk9OUciNFvopS1JRtb92SST_dIFlN-M',NULL,NULL),(154,NULL,NULL,NULL,1,'eyJhbGciOiJIUzI1NiJ9.eyJzdWIiOiIyMDIyNjYiLCJpYXQiOjE3MDU0NzA3MjgsImV4cCI6MTcwNTUwNjcyOH0.zbXePksVos3vnvlclJQEjJdpTqwxpZ3sMiRHR4tYRss',NULL,NULL),(155,NULL,NULL,NULL,1,'eyJhbGciOiJIUzI1NiJ9.eyJzdWIiOiIyMDIyNzYiLCJpYXQiOjE3MDU0NzE1MjgsImV4cCI6MTcwNTUwNzUyOH0.CofaMiT_2LHzr4Sh-IikY38GTyenUaUrAIOBAEp7HNk',NULL,NULL),(156,NULL,NULL,NULL,1,'eyJhbGciOiJIUzI1NiJ9.eyJzdWIiOiIyMDIyNjYiLCJpYXQiOjE3MDU0NjU1NzIsImV4cCI6MTcwNTUwMTU3Mn0.JYLCX9Wogsf5QfEQy7zRJuui0sXJfM2qJvDQtsjBz1U',NULL,NULL),(157,NULL,NULL,NULL,1,'eyJhbGciOiJIUzI1NiJ9.eyJzdWIiOiIyMDIyOTAiLCJpYXQiOjE3MDU0NzIyNTAsImV4cCI6MTcwNTUwODI1MH0.HBEyJIGy60Wki70a2PPNLgIGCK4DCwUqopfJPExPsEM',NULL,NULL),(158,NULL,NULL,NULL,1,'eyJhbGciOiJIUzI1NiJ9.eyJzdWIiOiIyMDIyNjAiLCJpYXQiOjE3MDU0NzIyODYsImV4cCI6MTcwNTUwODI4Nn0.JsgVqgEp_6Y3tao6_m3fsx0ySO7PCHl4MuqvUsDYGMA',NULL,NULL),(159,NULL,NULL,NULL,1,'eyJhbGciOiJIUzI1NiJ9.eyJzdWIiOiIyMDIyNzYiLCJpYXQiOjE3MDU0NzE3MzQsImV4cCI6MTcwNTUwNzczNH0.tCam7SAT5gUn8GxS-RRGxcK3XWPcQ_iOX3gBbPL_e38',NULL,NULL),(160,NULL,NULL,NULL,1,'eyJhbGciOiJIUzI1NiJ9.eyJzdWIiOiIyMDIyNjYiLCJpYXQiOjE3MDU0NzQ0NjQsImV4cCI6MTcwNTUxMDQ2NH0.1nbB15xJZJupJYQFBc4L1flYn2AxCRfGLQPpdX7uWzQ',NULL,NULL),(161,NULL,NULL,NULL,1,'eyJhbGciOiJIUzI1NiJ9.eyJzdWIiOiIyMDIyNjAiLCJpYXQiOjE3MDU0NzU2NjksImV4cCI6MTcwNTUxMTY2OX0.zT4eeFIgGWGw6b8Z1dDX4agSwe8-wHhwgdSxUZY1BkE',NULL,NULL),(162,NULL,NULL,NULL,1,'eyJhbGciOiJIUzI1NiJ9.eyJzdWIiOiIyMDIyNjAiLCJpYXQiOjE3MDU0NzU3ODQsImV4cCI6MTcwNTUxMTc4NH0.cKAsjB2jwDjvkP1f2ZaBq14NknZRlBKvjlA6e4l3LYI',NULL,NULL),(163,NULL,NULL,NULL,1,'eyJhbGciOiJIUzI1NiJ9.eyJzdWIiOiIyMDIyNjAiLCJpYXQiOjE3MDU0NzYyMDMsImV4cCI6MTcwNTUxMjIwM30.0LHiVxskD7z7m9BaRmxtYUSF9T3dd4IuYJPOL0vKQzU',NULL,NULL),(164,NULL,NULL,NULL,1,'eyJhbGciOiJIUzI1NiJ9.eyJzdWIiOiIyMDIyNjAiLCJpYXQiOjE3MDU0NzYzODMsImV4cCI6MTcwNTUxMjM4M30.86s12AeF6Az9HkwShH5LULTiZtYN_ipEbdxe1mRgMg0',NULL,NULL),(165,NULL,NULL,NULL,1,'eyJhbGciOiJIUzI1NiJ9.eyJzdWIiOiIyMDIyNjAiLCJpYXQiOjE3MDU0NzY1MjMsImV4cCI6MTcwNTUxMjUyM30.WgaTp5wJGk8v5yk7sujNcBnWEcV-8EGWhOCHl1791Ys',NULL,NULL),(166,NULL,NULL,NULL,1,'eyJhbGciOiJIUzI1NiJ9.eyJzdWIiOiIyMDIyNzYiLCJpYXQiOjE3MDU0NzI4MjAsImV4cCI6MTcwNTUwODgyMH0.mgxQxyx3UR4vSKS4Be4Hhl_I2wVMl7yNZ9TeQgBVNFw',NULL,NULL),(167,NULL,NULL,NULL,1,'eyJhbGciOiJIUzI1NiJ9.eyJzdWIiOiIyMDIyNzYiLCJpYXQiOjE3MDU0NzY2NTksImV4cCI6MTcwNTUxMjY1OX0.FnGJUnKKUG_FxO9ZFrw1PkjhOa5RF3Bm72ooP0f2YlI',NULL,NULL),(168,NULL,NULL,NULL,1,'eyJhbGciOiJIUzI1NiJ9.eyJzdWIiOiIyMDIyNzYiLCJpYXQiOjE3MDU0NzY4NTIsImV4cCI6MTcwNTUxMjg1Mn0.SfYI54XpkUiyiOXj2sbIi4tnR5ebb5i_mK3sSy9lb1M',NULL,NULL),(169,NULL,NULL,NULL,1,'eyJhbGciOiJIUzI1NiJ9.eyJzdWIiOiIyMDIyNzYiLCJpYXQiOjE3MDU0NzcxMzYsImV4cCI6MTcwNTUxMzEzNn0.YftOklGYLWnLikHGd0EiCd6l7kHelfcxYWSNRp6bLwc',NULL,NULL),(170,NULL,NULL,NULL,1,'eyJhbGciOiJIUzI1NiJ9.eyJzdWIiOiIyMDIyNjAiLCJpYXQiOjE3MDU0NzczNDMsImV4cCI6MTcwNTUxMzM0M30.wEftKBZlgSydEqoIjP6N-Y4qJMJVve0jpZdn40KGlEg',NULL,NULL),(171,NULL,NULL,NULL,1,'eyJhbGciOiJIUzI1NiJ9.eyJzdWIiOiIyMDIyNjAiLCJpYXQiOjE3MDU0Nzc0NjgsImV4cCI6MTcwNTUxMzQ2OH0.Ddfnd6U3VFPBND5Yb916U7cRvVOrYdSxsaxLIQOf3Xc',NULL,NULL),(172,NULL,NULL,NULL,1,'eyJhbGciOiJIUzI1NiJ9.eyJzdWIiOiIyMDIyNjAiLCJpYXQiOjE3MDU0Nzc1MTMsImV4cCI6MTcwNTUxMzUxM30.k15WnqaxS8o1HSIUWJMyCruqPwAWbBDIT-lcjcsO4i4',NULL,NULL),(173,NULL,NULL,NULL,1,'eyJhbGciOiJIUzI1NiJ9.eyJzdWIiOiIyMDIyNjAiLCJpYXQiOjE3MDU0Nzc1NzUsImV4cCI6MTcwNTUxMzU3NX0.6a5vAq3RmwfmX6n-T79uSV7Y3u8KvDK7hYrRsGzEINQ',NULL,NULL),(174,NULL,NULL,NULL,1,'eyJhbGciOiJIUzI1NiJ9.eyJzdWIiOiIyMDIyNjAiLCJpYXQiOjE3MDU0Nzc2NTYsImV4cCI6MTcwNTUxMzY1Nn0.zdBp7iYIQL-JRxXlXTZuN-1BzCkpfXI3_n9rYs15tVE',NULL,NULL),(175,NULL,NULL,NULL,1,'eyJhbGciOiJIUzI1NiJ9.eyJzdWIiOiIyMDIyNjAiLCJpYXQiOjE3MDU0Nzc3MzIsImV4cCI6MTcwNTUxMzczMn0.hA-ogBWyH0E8Y73KefamdAuFHNChKOuCDf_VM4KSUPo',NULL,NULL),(176,NULL,NULL,NULL,1,'eyJhbGciOiJIUzI1NiJ9.eyJzdWIiOiIyMDIyNjYiLCJpYXQiOjE3MDU0Nzc3NzAsImV4cCI6MTcwNTUxMzc3MH0.fIU2CXiiloxMmAOh_JVKRnvJ01j78wWpecqxF_EeV-0',NULL,NULL),(177,NULL,NULL,NULL,1,'eyJhbGciOiJIUzI1NiJ9.eyJzdWIiOiIyMDIyNjAiLCJpYXQiOjE3MDU0Nzc3OTksImV4cCI6MTcwNTUxMzc5OX0.Sn8Dg8UqxsqTJ-jdqsBuNSZfweLK7_xwCQ68GiCpayc',NULL,NULL),(178,NULL,NULL,NULL,1,'eyJhbGciOiJIUzI1NiJ9.eyJzdWIiOiIyMDIyNzYiLCJpYXQiOjE3MDU0NzczOTYsImV4cCI6MTcwNTUxMzM5Nn0.TmrXOnM3ZUcfdgCouSD_i3oQsP-eQEmRD5VvvIk2Io0',NULL,NULL),(179,NULL,NULL,NULL,1,'eyJhbGciOiJIUzI1NiJ9.eyJzdWIiOiIyMDIyNjAiLCJpYXQiOjE3MDU0Nzc5OTIsImV4cCI6MTcwNTUxMzk5Mn0.X9v4qfjjjglp6mknNSXy_22rIlEE04cvqMrpqRUxvjU',NULL,NULL),(180,NULL,NULL,NULL,1,'eyJhbGciOiJIUzI1NiJ9.eyJzdWIiOiIyMDIyNjYiLCJpYXQiOjE3MDU0NzgzNzYsImV4cCI6MTcwNTUxNDM3Nn0.zrj2BiBEwVPRzba82rLsjV4b6hinatmZLT0DoQ2D8O8',NULL,NULL),(181,NULL,NULL,NULL,1,'eyJhbGciOiJIUzI1NiJ9.eyJzdWIiOiIyMDIyNzYiLCJpYXQiOjE3MDU0Nzg2MDgsImV4cCI6MTcwNTUxNDYwOH0.f3YksQFll_BYgy1QB6Wy0StBx1bPFhI-4ESg7ZUbSl8',NULL,NULL),(182,NULL,NULL,NULL,1,'eyJhbGciOiJIUzI1NiJ9.eyJzdWIiOiIyMDIyNzYiLCJpYXQiOjE3MDU0NzkxOTYsImV4cCI6MTcwNTUxNTE5Nn0.uNXLM63BWTLPhjhu8ynsGt5vOLQn5LYSCnI6qVQRVr8',NULL,NULL),(183,NULL,NULL,NULL,1,'eyJhbGciOiJIUzI1NiJ9.eyJzdWIiOiIyMDIyNzYiLCJpYXQiOjE3MDU0Nzk0NjQsImV4cCI6MTcwNTUxNTQ2NH0.cJF8ydioTmVsoaznsIQF2JC_Csdfr_APiXsga2hGVYc',NULL,NULL),(184,NULL,NULL,NULL,1,'eyJhbGciOiJIUzI1NiJ9.eyJzdWIiOiIyMDIyNzYiLCJpYXQiOjE3MDU0Nzk1NDAsImV4cCI6MTcwNTUxNTU0MH0.7Qq_F8c5US_m5e4IJvta4PApfKCeYLAPFTYQdhad0Pc',NULL,NULL),(185,NULL,NULL,NULL,1,'eyJhbGciOiJIUzI1NiJ9.eyJzdWIiOiIyMDIyNzYiLCJpYXQiOjE3MDU0Nzk1ODksImV4cCI6MTcwNTUxNTU4OX0.pm_Cs0O3STRThPJONE8vL9BLbMEzJADeWNn8uEapgEM',NULL,NULL),(186,NULL,NULL,NULL,1,'eyJhbGciOiJIUzI1NiJ9.eyJzdWIiOiIyMDIyNjYiLCJpYXQiOjE3MDU0NzgwMjUsImV4cCI6MTcwNTUxNDAyNX0.D1Gz1Gt1afKt355UOJJZBYHM1euTcVK3EB2Tp1c6EYc',NULL,NULL),(187,NULL,NULL,NULL,1,'eyJhbGciOiJIUzI1NiJ9.eyJzdWIiOiIyMDIyNzYiLCJpYXQiOjE3MDU0ODAwNDYsImV4cCI6MTcwNTUxNjA0Nn0.UlEXiL36QevadRpmFHep_2Xpc7GuZJUa4VJWI103b-E',NULL,NULL),(188,NULL,NULL,NULL,1,'eyJhbGciOiJIUzI1NiJ9.eyJzdWIiOiIyMDIyNzYiLCJpYXQiOjE3MDU0ODAxMjcsImV4cCI6MTcwNTUxNjEyN30.NzliZZvBMjtVkucxX2y2KqOclqjMQOXd0xgjGUCko2o',NULL,NULL),(189,NULL,NULL,NULL,1,'eyJhbGciOiJIUzI1NiJ9.eyJzdWIiOiIyMDIyNzYiLCJpYXQiOjE3MDU0ODAyMTMsImV4cCI6MTcwNTUxNjIxM30.iqD_kwm_qjpqYZb9tu6ILXBb6oI79kqbtNoQC8TSOQo',NULL,NULL),(190,NULL,NULL,NULL,1,'eyJhbGciOiJIUzI1NiJ9.eyJzdWIiOiIyMDIyNjYiLCJpYXQiOjE3MDU0NzgxMTYsImV4cCI6MTcwNTUxNDExNn0.Dl8IaGAMU92nUGN71KKEFUu5VJil-N44eTdYGmIrqqc',NULL,NULL),(191,NULL,NULL,NULL,1,'eyJhbGciOiJIUzI1NiJ9.eyJzdWIiOiIyMDIyODYiLCJpYXQiOjE3MDU0ODM1MTQsImV4cCI6MTcwNTUxOTUxNH0.M5nTDNaHR-XkCNnwtjg7gxisThanT5xWxdLC6n-IydE',NULL,NULL),(192,NULL,NULL,NULL,1,'eyJhbGciOiJIUzI1NiJ9.eyJzdWIiOiIyMDIyNjYiLCJpYXQiOjE3MDU0ODM1MzQsImV4cCI6MTcwNTUxOTUzNH0.tumWN2Jnh-wV2wywtt2egDuNWA_M5ixSjw9QXqGcL7g',NULL,NULL),(193,NULL,NULL,NULL,1,'eyJhbGciOiJIUzI1NiJ9.eyJzdWIiOiIyMDIyNjYiLCJpYXQiOjE3MDU1MzcxMjAsImV4cCI6MTcwNTU3MzEyMH0.kpresrPKHgB9NJKlMTtG2K5AqJOT2Luv1vjVCF4K47E',NULL,NULL),(194,NULL,NULL,NULL,1,'eyJhbGciOiJIUzI1NiJ9.eyJzdWIiOiIyMDIyNjYiLCJpYXQiOjE3MDU1Mzc2MTEsImV4cCI6MTcwNTU3MzYxMX0.YA-4L_kDFAmUU4OB6WBFpxVN2cSeLVr--ABKngRGC70',NULL,NULL),(195,NULL,NULL,NULL,1,'eyJhbGciOiJIUzI1NiJ9.eyJzdWIiOiIyMDIyNjYiLCJpYXQiOjE3MDU1NTA4MTksImV4cCI6MTcwNTU4NjgxOX0.3OKffz_9nmM8kCRNiJtL_7GtDItP2lAw2H41rWY2c5Y',NULL,NULL),(196,NULL,NULL,NULL,1,'eyJhbGciOiJIUzI1NiJ9.eyJzdWIiOiIyMDIyNjYiLCJpYXQiOjE3MDU1NTk4NDAsImV4cCI6MTcwNTU5NTg0MH0.h2UbSoVD5hY5yPLaJxS1EAg30mU_9jEMiWpf5Yl6p_U',NULL,NULL),(197,NULL,NULL,NULL,1,'eyJhbGciOiJIUzI1NiJ9.eyJzdWIiOiIyMDIyNjYiLCJpYXQiOjE3MDU1NTk5NjgsImV4cCI6MTcwNTU5NTk2OH0.5yywFxvOs2HG4EYFAPb6s3-gh04XX_1QYAmO-WrDE7U',NULL,NULL),(198,NULL,NULL,NULL,1,'eyJhbGciOiJIUzI1NiJ9.eyJzdWIiOiIyMDIyNjYiLCJpYXQiOjE3MDU1NjAxNjAsImV4cCI6MTcwNTU5NjE2MH0.Qjt_7p71GNpejkHuBR8PlRF-yUvJQ9jq05ML6rgWmWM',NULL,NULL),(199,NULL,NULL,NULL,1,'eyJhbGciOiJIUzI1NiJ9.eyJzdWIiOiIyMDIyNjAiLCJpYXQiOjE3MDU1NjM2MzEsImV4cCI6MTcwNTU5OTYzMX0.i5_FdyeTX9NhfXrLNPLZnGqYL6E4VccG0mdFQSGIUQY',NULL,NULL),(200,NULL,NULL,NULL,1,'eyJhbGciOiJIUzI1NiJ9.eyJzdWIiOiIyMDIyNjAiLCJpYXQiOjE3MDU1NjM2OTIsImV4cCI6MTcwNTU5OTY5Mn0.798XPXtIC7B9ZJor29kzjOp26QO9N5NPDALc0L1YKBg',NULL,NULL),(201,NULL,NULL,NULL,1,'eyJhbGciOiJIUzI1NiJ9.eyJzdWIiOiIyMDIyNjAiLCJpYXQiOjE3MDU1NjQxMTgsImV4cCI6MTcwNTYwMDExOH0.IaZMzX0BlsGGN4gctXwGv5WSrzvtGky-ovLxtU4y7Z8',NULL,NULL),(202,NULL,NULL,NULL,1,'eyJhbGciOiJIUzI1NiJ9.eyJzdWIiOiIyMDIyNjAiLCJpYXQiOjE3MDU1NjQxOTksImV4cCI6MTcwNTYwMDE5OX0.ZS4_AYdjmfBU2QbdV6c7XoMZ3OLMGnbxnzMC9lclrAc',NULL,NULL),(203,NULL,NULL,NULL,1,'eyJhbGciOiJIUzI1NiJ9.eyJzdWIiOiIyMDIyNjAiLCJpYXQiOjE3MDU1NjQyMTIsImV4cCI6MTcwNTYwMDIxMn0.0CkB-y4VT9ZBD8Wto-l_DyifygbFbPAyz1aJPwVHPOU',NULL,NULL),(204,NULL,NULL,NULL,1,'eyJhbGciOiJIUzI1NiJ9.eyJzdWIiOiIyMDIyNjAiLCJpYXQiOjE3MDU1NjQ0NDAsImV4cCI6MTcwNTYwMDQ0MH0.vvS-OXHAzdAXfcU9Vx_hm51vp5QjN50EywICpg7iKgM',NULL,NULL),(205,NULL,NULL,NULL,1,'eyJhbGciOiJIUzI1NiJ9.eyJzdWIiOiIyMDIyNjAiLCJpYXQiOjE3MDU1NjQ1MTYsImV4cCI6MTcwNTYwMDUxNn0.YjA-z30YExyQcEAjyLSqcaiWrl7nXiHKcDDiTY98HFE',NULL,NULL),(206,NULL,NULL,NULL,1,'eyJhbGciOiJIUzI1NiJ9.eyJzdWIiOiIyMDIyNjAiLCJpYXQiOjE3MDU1NjQ3NTYsImV4cCI6MTcwNTYwMDc1Nn0.exQpm2LN4v3cUhaDmoyIht4g9Xf3R_BCEltxFNhU5Mc',NULL,NULL),(207,NULL,NULL,NULL,1,'eyJhbGciOiJIUzI1NiJ9.eyJzdWIiOiIyMDIyNjAiLCJpYXQiOjE3MDU1NjQ3ODcsImV4cCI6MTcwNTYwMDc4N30.0OKcDAiMFkGp0eUHRxN0EXSuqRAlrzFQQOkEBpfrgqs',NULL,NULL),(208,NULL,NULL,NULL,1,'eyJhbGciOiJIUzI1NiJ9.eyJzdWIiOiIyMDIyNjAiLCJpYXQiOjE3MDU1NjQ4MjcsImV4cCI6MTcwNTYwMDgyN30.DTB-Tm4VYiw00_QqCgIBSINajAgI-53Cij7kQePFwcM',NULL,NULL),(209,NULL,NULL,NULL,1,'eyJhbGciOiJIUzI1NiJ9.eyJzdWIiOiIyMDIyNjAiLCJpYXQiOjE3MDU1NjQ4NzIsImV4cCI6MTcwNTYwMDg3Mn0.lrk7DfhZPBdfYp-LSZR6WZSPQNYhtYKlVCCJMGsu-aw',NULL,NULL),(210,NULL,NULL,NULL,1,'eyJhbGciOiJIUzI1NiJ9.eyJzdWIiOiIyMDIyNjAiLCJpYXQiOjE3MDU1NjUxOTAsImV4cCI6MTcwNTYwMTE5MH0.uap0I9Br0A1prtMUqlaKEvaayHol7R78ykDcU07WRZE',NULL,NULL),(211,NULL,NULL,NULL,1,'eyJhbGciOiJIUzI1NiJ9.eyJzdWIiOiIyMDIyOTkiLCJpYXQiOjE3MDU1NjQwMDgsImV4cCI6MTcwNTYwMDAwOH0.tmydFFxgM-4wmu6MWMrcF2usuFGkzJHNGOAyvj9BP5g',NULL,NULL),(212,NULL,NULL,NULL,1,'eyJhbGciOiJIUzI1NiJ9.eyJzdWIiOiIwMDAwMDEiLCJpYXQiOjE3MDU1NjcwNTEsImV4cCI6MTcwNTYwMzA1MX0.czjH9vym6gb72lqOBuMYvVMVFTJLTQ_1nzt8IGx2ngw',NULL,NULL),(213,NULL,NULL,NULL,1,'eyJhbGciOiJIUzI1NiJ9.eyJzdWIiOiIyMDIyOTkiLCJpYXQiOjE3MDU1NjYyMTcsImV4cCI6MTcwNTYwMjIxN30.vejRCV8gTG8AzyGZ5aHGce24rgmoIgmDCjE5ejvY5ic',NULL,NULL),(214,NULL,NULL,NULL,1,'eyJhbGciOiJIUzI1NiJ9.eyJzdWIiOiIyMDIyNjYiLCJpYXQiOjE3MDU1NjgwOTEsImV4cCI6MTcwNTYwNDA5MX0.a79NSxB5xH97KJvv25_D2QMYrYQU_SwfOhDURu3eHdM',NULL,NULL),(215,NULL,NULL,NULL,1,'eyJhbGciOiJIUzI1NiJ9.eyJzdWIiOiIyMDIyNjYiLCJpYXQiOjE3MDU1NjkwMTQsImV4cCI6MTcwNTYwNTAxNH0.UW6PIdVL3kBQHJHYhAR3sliV6ceqSugYohtN0FEG7ec',NULL,NULL),(216,NULL,NULL,NULL,1,'eyJhbGciOiJIUzI1NiJ9.eyJzdWIiOiIyMDIyNjYiLCJpYXQiOjE3MDU2MzExMTUsImV4cCI6MTcwNTY2NzExNX0.hQ7SwqgTMO9Ryjm4TIX7rokljAbo_ZoMtz3aETT2WCw',NULL,NULL),(217,NULL,NULL,NULL,1,'eyJhbGciOiJIUzI1NiJ9.eyJzdWIiOiIyMDIyNjYiLCJpYXQiOjE3MDU2MzE0MDMsImV4cCI6MTcwNTY2NzQwM30.u86bPvj6HrgTvhWxqFOslXRaqmqGTUjV3xSVwbLjIwM',NULL,NULL),(218,NULL,NULL,NULL,1,'eyJhbGciOiJIUzI1NiJ9.eyJzdWIiOiIwMDAwMDEiLCJpYXQiOjE3MDU2MzIxOTAsImV4cCI6MTcwNTY2ODE5MH0.Lt1J7l9K9HKxfbTXEV1U1_VwMFqe_6j8qKL79vxi2aM',NULL,NULL),(219,NULL,NULL,NULL,1,'eyJhbGciOiJIUzI1NiJ9.eyJzdWIiOiIyMDIyNjYiLCJpYXQiOjE3MDU2MzI0ODcsImV4cCI6MTcwNTY2ODQ4N30.YjmwUOAzSJ5SucsrEhwKYwSUOCmtv9rQuNNbw-ICfCc',NULL,NULL),(220,NULL,NULL,NULL,1,'eyJhbGciOiJIUzI1NiJ9.eyJzdWIiOiIyMDIyNjYiLCJpYXQiOjE3MDU2MzI0MDAsImV4cCI6MTcwNTY2ODQwMH0.y2ysD8eH-wsVGsArBBy2lPWLK9cROBmgvGoqbeT93ns',NULL,NULL),(221,NULL,NULL,NULL,1,'eyJhbGciOiJIUzI1NiJ9.eyJzdWIiOiIyMDIyNzQiLCJpYXQiOjE3MDU2MzI1MzQsImV4cCI6MTcwNTY2ODUzNH0.KdaSU_M0OWginMi450wNsuYPIerXyoAFgc7qpSMMN-o',NULL,NULL),(222,NULL,NULL,NULL,1,'eyJhbGciOiJIUzI1NiJ9.eyJzdWIiOiIwMDAwMDEiLCJpYXQiOjE3MDU2MzI2OTIsImV4cCI6MTcwNTY2ODY5Mn0.6vSXIdgvWwwSEDMEVsdnDQGzIDtBn1j8WSG7bMrzpr8',NULL,NULL),(223,NULL,NULL,NULL,1,'eyJhbGciOiJIUzI1NiJ9.eyJzdWIiOiIyMDIyNzQiLCJpYXQiOjE3MDU2MzI3NjIsImV4cCI6MTcwNTY2ODc2Mn0.342YusX29c40nv-8Ae2OVpZULv6SQIqGNkOCU6QNUAU',NULL,NULL),(224,NULL,NULL,NULL,1,'eyJhbGciOiJIUzI1NiJ9.eyJzdWIiOiIwMDAwMDEiLCJpYXQiOjE3MDU2MzMyNTAsImV4cCI6MTcwNTY2OTI1MH0.E0C3FVf3SVb2xs-Qbw-Wcs2qFsRBNkWZhLX3mOJFkkg',NULL,NULL),(225,NULL,NULL,NULL,1,'eyJhbGciOiJIUzI1NiJ9.eyJzdWIiOiIyMDIyNjYiLCJpYXQiOjE3MDU2MzM1MjAsImV4cCI6MTcwNTY2OTUyMH0.s7-MkrWxAaQcEpOYGI8WwGQb7hLkPW2yLymqk5PzJ4o',NULL,NULL),(226,NULL,NULL,NULL,1,'eyJhbGciOiJIUzI1NiJ9.eyJzdWIiOiIyMDIyNjYiLCJpYXQiOjE3MDU2MzM4MjIsImV4cCI6MTcwNTY2OTgyMn0.2AUZWqfX0_xbDFeCRVIk-DLpmSb0YErtS7DlkL7B02g',NULL,NULL),(227,NULL,NULL,NULL,1,'eyJhbGciOiJIUzI1NiJ9.eyJzdWIiOiIyMDIyNjYiLCJpYXQiOjE3MDU2MzM5MDMsImV4cCI6MTcwNTY2OTkwM30.VVjg05KrOtLbcqCxp16N0y74qFYb4Q8tIaE4adTYR5U',NULL,NULL),(228,NULL,NULL,NULL,1,'eyJhbGciOiJIUzI1NiJ9.eyJzdWIiOiIwMDAwMDEiLCJpYXQiOjE3MDU2MzI2MjksImV4cCI6MTcwNTY2ODYyOX0.TOr_u34bdeQqGjOPes8DcH45h6VStxg93py2mbRIZ_w',NULL,NULL),(229,NULL,NULL,NULL,1,'eyJhbGciOiJIUzI1NiJ9.eyJzdWIiOiIyMDIyNjYiLCJpYXQiOjE3MDU2MzQxOTEsImV4cCI6MTcwNTY3MDE5MX0.9UqYnQjNyXWorC0vYBLTdJ5Vho1ibqjrwoXpo57Y1hk',NULL,NULL),(230,NULL,NULL,NULL,1,'eyJhbGciOiJIUzI1NiJ9.eyJzdWIiOiIyMDIyNjYiLCJpYXQiOjE3MDU2MzQ0MDYsImV4cCI6MTcwNTY3MDQwNn0.CAIOMH3WaekFIq7FwZKUYhAAXLGk1sLDpEQsizkToxA',NULL,NULL),(231,NULL,NULL,NULL,1,'eyJhbGciOiJIUzI1NiJ9.eyJzdWIiOiIyMDIyNjYiLCJpYXQiOjE3MDU2MzQ0NzEsImV4cCI6MTcwNTY3MDQ3MX0.j9LpIW2-KH_ZNDBZC_Fp3j3n4zYX4FubRc-TePQIdR8',NULL,NULL),(232,NULL,NULL,NULL,1,'eyJhbGciOiJIUzI1NiJ9.eyJzdWIiOiIyMDIyNzQiLCJpYXQiOjE3MDU2MzQzNjEsImV4cCI6MTcwNTY3MDM2MX0.zhjVTwB37EpZwG6rt0ChQrqXU2RUomoW3XEB1fjjft8',NULL,NULL),(233,NULL,NULL,NULL,1,'eyJhbGciOiJIUzI1NiJ9.eyJzdWIiOiIwMDAwMDEiLCJpYXQiOjE3MDU2MzM0NTUsImV4cCI6MTcwNTY2OTQ1NX0.qkRnbzKqUP9X22qLKyNtXUqfraQ0Xm6fg2M21hrhU0Q',NULL,NULL),(234,NULL,NULL,NULL,1,'eyJhbGciOiJIUzI1NiJ9.eyJzdWIiOiIyMDIyNjYiLCJpYXQiOjE3MDU2NDcxOTcsImV4cCI6MTcwNTY4MzE5N30.NElYfMxksT-dBMOH8dlbjwfIj_6qxdqP5d6c9RVar6o',NULL,NULL),(235,NULL,NULL,NULL,1,'eyJhbGciOiJIUzI1NiJ9.eyJzdWIiOiIyMDIyNjYiLCJpYXQiOjE3MDU2NDczNjQsImV4cCI6MTcwNTY4MzM2NH0.WE-PuIic0M8iquthBQDDekU14Lww0ImqEgDiIFPDmIU',NULL,NULL),(236,NULL,NULL,NULL,1,'eyJhbGciOiJIUzI1NiJ9.eyJzdWIiOiIyMDIyNjYiLCJpYXQiOjE3MDU2NDc5NjQsImV4cCI6MTcwNTY4Mzk2NH0.tbfZ2VvF8T6ku5SwUs9yMrTKfXdE3LIEosR8F80lg8s',NULL,NULL),(237,NULL,NULL,NULL,1,'eyJhbGciOiJIUzI1NiJ9.eyJzdWIiOiIyMDIyNjYiLCJpYXQiOjE3MDU2NDgwMjIsImV4cCI6MTcwNTY4NDAyMn0.LZ7plaHJuecdnROjb6-DWvYsc1HDNf0ybm-bT8nCf5w',NULL,NULL),(238,NULL,NULL,NULL,1,'eyJhbGciOiJIUzI1NiJ9.eyJzdWIiOiIyMDIyNjYiLCJpYXQiOjE3MDU2NTE4OTEsImV4cCI6MTcwNTY4Nzg5MX0._WzZ7XdxUkSj3bwYDZy0rTGB6OwFRtDNdv3XCjVmfZM',NULL,NULL),(239,NULL,NULL,NULL,1,'eyJhbGciOiJIUzI1NiJ9.eyJzdWIiOiIyMDIyNjYiLCJpYXQiOjE3MDU2NTIxMzMsImV4cCI6MTcwNTY4ODEzM30.mBP4wIAuJd-wPu2rEJYa9hRBcKqu0YQtkAdeZURoQtk',NULL,NULL),(240,NULL,NULL,NULL,1,'eyJhbGciOiJIUzI1NiJ9.eyJzdWIiOiIyMDIyNjYiLCJpYXQiOjE3MDU2NTIyNzIsImV4cCI6MTcwNTY4ODI3Mn0.XPL0r80tlDiOZ460_lLunPa1L0IKlx3JAgDHZ_HC0P8',NULL,NULL),(241,NULL,NULL,NULL,1,'eyJhbGciOiJIUzI1NiJ9.eyJzdWIiOiIyMDIyNjYiLCJpYXQiOjE3MDU2NTIzNTEsImV4cCI6MTcwNTY4ODM1MX0.dTGIbSk8GT8eSwOHozAIju8XksKGHxC68o4j-zKJ3yc',NULL,NULL),(242,NULL,NULL,NULL,1,'eyJhbGciOiJIUzI1NiJ9.eyJzdWIiOiIyMDIyNjYiLCJpYXQiOjE3MDU2NTI0MDksImV4cCI6MTcwNTY4ODQwOX0.kYbKgfrbd_gP_-sK5ZjHHEGLMS3N1MJd4zLxhBtmW84',NULL,NULL),(243,NULL,NULL,NULL,1,'eyJhbGciOiJIUzI1NiJ9.eyJzdWIiOiIyMDIyNjYiLCJpYXQiOjE3MDU4ODI4MjMsImV4cCI6MTcwNTkxODgyM30.zwIT5ubHv0zn8P3mPlYS_-zoV2gLxeoos8snbf294L8',NULL,NULL),(244,NULL,NULL,NULL,1,'eyJhbGciOiJIUzI1NiJ9.eyJzdWIiOiIyMDIyNjYiLCJpYXQiOjE3MDU4OTgxOTgsImV4cCI6MTcwNTkzNDE5OH0.6WMDMgCz6SQrS8xS1kqPrk-wm3jTZsygvTy84_28hTk',NULL,NULL),(245,NULL,NULL,NULL,1,'eyJhbGciOiJIUzI1NiJ9.eyJzdWIiOiIyMDIyNjYiLCJpYXQiOjE3MDU4OTcxODMsImV4cCI6MTcwNTkzMzE4M30.RfbvBDEqCMkMzUZFhzxK7gaeD3TMPwFGk0D_nISW0kw',NULL,NULL),(246,NULL,NULL,NULL,1,'eyJhbGciOiJIUzI1NiJ9.eyJzdWIiOiIyMDIyNjYiLCJpYXQiOjE3MDU5MDI5OTIsImV4cCI6MTcwNTkzODk5Mn0._fpi7hAofU-tXHU4wyKlJiQ0sq9mAo0CoKTlK-XdkAg',NULL,NULL),(247,NULL,NULL,NULL,1,'null',NULL,NULL),(248,NULL,NULL,NULL,1,'eyJhbGciOiJIUzI1NiJ9.eyJzdWIiOiIyMDIyNjYiLCJpYXQiOjE3MDU5MDMxODcsImV4cCI6MTcwNTkzOTE4N30.OkcvlvDWpORKC0LJ5GVxmYzAVZmuuMYYnFIEuJhAczU',NULL,NULL),(249,NULL,NULL,NULL,1,'eyJhbGciOiJIUzI1NiJ9.eyJzdWIiOiIyMDIyNjYiLCJpYXQiOjE3MDU5MDc1MTMsImV4cCI6MTcwNTk0MzUxM30.WCw8cOiJGlcF44182KsvaOgEfvelH6D3aq7w0Fh6kFM',NULL,NULL),(250,NULL,NULL,NULL,1,'eyJhbGciOiJIUzI1NiJ9.eyJzdWIiOiIyMDIyNjYiLCJpYXQiOjE3MDU5MDc1MjcsImV4cCI6MTcwNTk0MzUyN30._E9sIcnYWHvd2m8OgAK9W3wxGtggLz5dtvDpSJB6cOQ',NULL,NULL),(251,NULL,NULL,NULL,1,'eyJhbGciOiJIUzI1NiJ9.eyJzdWIiOiIyMDIyNjYiLCJpYXQiOjE3MDU5MDc3ODIsImV4cCI6MTcwNTk0Mzc4Mn0.xZIVGZxA2oK4pDazGbJso1f46UWMAH2WOjU88WsmA5A',NULL,NULL),(252,NULL,NULL,NULL,1,'eyJhbGciOiJIUzI1NiJ9.eyJzdWIiOiIyMDIyNjYiLCJpYXQiOjE3MDU5MTAwNjksImV4cCI6MTcwNTk0NjA2OX0.9w0OLe8VE6bhOIqBt4Q4H_R3F77_Qx0g6qbV1jhTzKw',NULL,NULL),(253,NULL,NULL,NULL,1,'eyJhbGciOiJIUzI1NiJ9.eyJzdWIiOiIyMDIyNjYiLCJpYXQiOjE3MDU5ODk0OTQsImV4cCI6MTcwNjAyNTQ5NH0.S2V0nyI4r40dEcMfI0n_UpEP364JHxlphgyEv6ACxZs',NULL,NULL),(254,NULL,NULL,NULL,1,'eyJhbGciOiJIUzI1NiJ9.eyJzdWIiOiIyMDIyNjYiLCJpYXQiOjE3MDU5ODk1NzMsImV4cCI6MTcwNjAyNTU3M30.PceW2i2rquaprKBZARdGeq5uiTp7a6En1i4SEXzjbqY',NULL,NULL),(255,NULL,NULL,NULL,1,'eyJhbGciOiJIUzI1NiJ9.eyJzdWIiOiIyMDIyNjYiLCJpYXQiOjE3MDU5OTE4MzMsImV4cCI6MTcwNjAyNzgzM30.HDuUfaeQmyzG25FiVom4j_8N_EfPmwaSPGAooKn12bI',NULL,NULL),(256,NULL,NULL,NULL,1,'eyJhbGciOiJIUzI1NiJ9.eyJzdWIiOiIyMDIyNjYiLCJpYXQiOjE3MDYwNTczMjUsImV4cCI6MTcwNjA5MzMyNX0.LfSg0iJ_OSq_ROWmC_oDwUQXmRKZpLp5-AkwncG_qjA',NULL,NULL),(257,NULL,NULL,NULL,1,'eyJhbGciOiJIUzI1NiJ9.eyJzdWIiOiIyMDIyNjYiLCJpYXQiOjE3MDYwNjUzMjksImV4cCI6MTcwNjEwMTMyOX0.LinST_7oxTke6zBz2GZmy_VENFvw3JxlS6v_MeumHdg',NULL,NULL),(258,NULL,NULL,NULL,1,'eyJhbGciOiJIUzI1NiJ9.eyJzdWIiOiIyMDIyNjYiLCJpYXQiOjE3MDYwNzc5OTIsImV4cCI6MTcwNjExMzk5Mn0.ilcOb2_VZEn9TKDnA30K5J94FTdzbojKOxXDSTm8iOY',NULL,NULL),(259,NULL,NULL,NULL,1,'eyJhbGciOiJIUzI1NiJ9.eyJzdWIiOiIyMDIyNjYiLCJpYXQiOjE3MDYxNDExNjksImV4cCI6MTcwNjE3NzE2OX0.HBXdz-31XPnyFD_J96q7S5El3rdvNbwCkzJYsySZlrg',NULL,NULL),(260,NULL,NULL,NULL,1,'eyJhbGciOiJIUzI1NiJ9.eyJzdWIiOiIyMDIyNjYiLCJpYXQiOjE3MDYxNTAzMzUsImV4cCI6MTcwNjE4NjMzNX0.0JCnfl_-DTs2z2eCCQs3tekuVFpOz6tz1CJrNH45nbg',NULL,NULL),(261,NULL,NULL,NULL,1,'eyJhbGciOiJIUzI1NiJ9.eyJzdWIiOiIyMDIyNjYiLCJpYXQiOjE3MDYxNTI2NzIsImV4cCI6MTcwNjE4ODY3Mn0.npQMquvxpDpOw0p2gAMGJvPhI3CXMRyvWTqMRkryJZU',NULL,NULL),(262,NULL,NULL,NULL,1,'eyJhbGciOiJIUzI1NiJ9.eyJzdWIiOiIyMDIyNjYiLCJpYXQiOjE3MDYyNDM2MDksImV4cCI6MTcwNjI3OTYwOX0.HA0JiTzpuTKiKqZAaxpHd8EiKf2_CeSCkA7UzPoJd88',NULL,NULL),(263,NULL,NULL,NULL,1,'eyJhbGciOiJIUzI1NiJ9.eyJzdWIiOiIyMDIyNjYiLCJpYXQiOjE3MDYyNDM4NDUsImV4cCI6MTcwNjI3OTg0NX0.FCGY30Qb4TXcrhnSuNo4yUUs7uXc1pHooTxsl7CL1RI',NULL,NULL),(264,NULL,NULL,NULL,1,'eyJhbGciOiJIUzI1NiJ9.eyJzdWIiOiIyMDIyNjYiLCJpYXQiOjE3MDYyNDM5NjMsImV4cCI6MTcwNjI3OTk2M30.UdtNfw72rbKxCay1JHW_MGe-KEQt6wvnLaU4i2V83Wg',NULL,NULL),(265,NULL,NULL,NULL,1,'eyJhbGciOiJIUzI1NiJ9.eyJzdWIiOiIyMDIyNjYiLCJpYXQiOjE3MDYyNDkwNjUsImV4cCI6MTcwNjI4NTA2NX0.mFjVZVZv4ZiwWRP_nMaslgwHgmMZMxPfCA0I-xhol7o',NULL,NULL),(266,NULL,NULL,NULL,1,'eyJhbGciOiJIUzI1NiJ9.eyJzdWIiOiIyMDIyNjYiLCJpYXQiOjE3MDYyNTA1ODUsImV4cCI6MTcwNjI4NjU4NX0.Z0rVGxm3QgcMAC_udZ-J-4zV23rkWm5tE_S31ge9DpM',NULL,NULL),(267,NULL,NULL,NULL,1,'eyJhbGciOiJIUzI1NiJ9.eyJzdWIiOiIyMDIyNjYiLCJpYXQiOjE3MDYyNTE3MjIsImV4cCI6MTcwNjI4NzcyMn0.V4w376zZW6nH3IE7__miMVqdEuxEWaIhlB021d0QDnY',NULL,NULL),(268,NULL,NULL,NULL,1,'eyJhbGciOiJIUzI1NiJ9.eyJzdWIiOiIyMDIyNjYiLCJpYXQiOjE3MDYyNTAyOTcsImV4cCI6MTcwNjI4NjI5N30.kcTD7OWLCLpErv0USPYKB6kE1uB27jpECGTCNtQghaA',NULL,NULL),(269,NULL,NULL,NULL,1,'eyJhbGciOiJIUzI1NiJ9.eyJzdWIiOiIyMDIyNjYiLCJpYXQiOjE3MDYyNTI1NzksImV4cCI6MTcwNjI4ODU3OX0.l0se7pG5S22V4OQTbZHNsTZ6HwYlzkWE-4fGLoa35z4',NULL,NULL),(270,NULL,NULL,NULL,1,'eyJhbGciOiJIUzI1NiJ9.eyJzdWIiOiIyMDIyNjYiLCJpYXQiOjE3MDYyNTI2ODIsImV4cCI6MTcwNjI4ODY4Mn0.qMSILDUGHxVOneLOs-d3hqAqPY8HPFcWJ_XjaFzkg3w',NULL,NULL),(271,NULL,NULL,NULL,1,'eyJhbGciOiJIUzI1NiJ9.eyJzdWIiOiIwMDAwMDEiLCJpYXQiOjE3MDYyNTIzMTUsImV4cCI6MTcwNjI4ODMxNX0.ZxBDDgNVLsECO9nABMzzf0KBcA_5gB85WLdy6e_p8Ss',NULL,NULL),(272,NULL,NULL,NULL,1,'eyJhbGciOiJIUzI1NiJ9.eyJzdWIiOiIyMDIyNjYiLCJpYXQiOjE3MDYyNTI4NzEsImV4cCI6MTcwNjI4ODg3MX0.fyp78KpDf82tFY7g4Q3ld_zSRB0y1xapIorfRK0YMfM',NULL,NULL),(273,NULL,NULL,NULL,1,'eyJhbGciOiJIUzI1NiJ9.eyJzdWIiOiIyMDIyNjYiLCJpYXQiOjE3MDYyNTYzMjIsImV4cCI6MTcwNjI5MjMyMn0.6hBBTKhWoLwbNrBJxK0QpeOBlKW-c_11jZgeA0Pyxxg',NULL,NULL),(274,NULL,NULL,NULL,1,'eyJhbGciOiJIUzI1NiJ9.eyJzdWIiOiIyMDIyNjYiLCJpYXQiOjE3MDYyNTc1NTEsImV4cCI6MTcwNjI5MzU1MX0.TkRqgYIQmNv2DdmMTgoXRiSNfHCxC2QsaICoWfkpBHw',NULL,NULL),(275,NULL,NULL,NULL,1,'eyJhbGciOiJIUzI1NiJ9.eyJzdWIiOiIyMDIyNjYiLCJpYXQiOjE3MDYyNTc5MDksImV4cCI6MTcwNjI5MzkwOX0.jZdH9O5MykyBYY-Pe7h0Vs0R-2vtTYLqZp3AejCF_gA',NULL,NULL),(276,NULL,NULL,NULL,1,'eyJhbGciOiJIUzI1NiJ9.eyJzdWIiOiIyMDIyNjYiLCJpYXQiOjE3MDYyNTgxODUsImV4cCI6MTcwNjI5NDE4NX0.kVRpxBvNSwVC5TOM-KmPIz8pFlDMeYIBiyy1BM6lqG0',NULL,NULL),(277,NULL,NULL,NULL,1,'eyJhbGciOiJIUzI1NiJ9.eyJzdWIiOiIwMDAwMDEiLCJpYXQiOjE3MDYyNTgyMTcsImV4cCI6MTcwNjI5NDIxN30.lCdKOVEFsVkAxnahtyPdjmkVKgZeeMCF3QTAGu0EBFc',NULL,NULL),(278,NULL,NULL,NULL,1,'eyJhbGciOiJIUzI1NiJ9.eyJzdWIiOiIyMDIyNjYiLCJpYXQiOjE3MDYyNTgzMzksImV4cCI6MTcwNjI5NDMzOX0.aRIubb0oCZkNgU_l8nRoQD3weVMOHCKT-9cz543tVBw',NULL,NULL),(279,NULL,NULL,NULL,1,'eyJhbGciOiJIUzI1NiJ9.eyJzdWIiOiIyMDIyNjYiLCJpYXQiOjE3MDYyNTg1MDAsImV4cCI6MTcwNjI5NDUwMH0.kVcpC5D7Srqek1gZTgCw1dJtjoUFdVZRvm0QscTtepU',NULL,NULL),(280,NULL,NULL,NULL,1,'eyJhbGciOiJIUzI1NiJ9.eyJzdWIiOiIyMDIyNjYiLCJpYXQiOjE3MDY0OTUzMzcsImV4cCI6MTcwNjUzMTMzN30.W8mUEhV7lXu0UsDsY_Lfy6N8UyELdlO5Uk6R5hoiBUg',NULL,NULL),(281,NULL,NULL,NULL,1,'eyJhbGciOiJIUzI1NiJ9.eyJzdWIiOiIyMDIyNjYiLCJpYXQiOjE3MDY0OTYyODUsImV4cCI6MTcwNjUzMjI4NX0.XZO0St9WsH-vtObV_8-mHOJMzEvagpkGZ0-CXV0qExo',NULL,NULL),(282,NULL,NULL,NULL,1,'eyJhbGciOiJIUzI1NiJ9.eyJzdWIiOiIyMDIyNjYiLCJpYXQiOjE3MDY0OTY0MjEsImV4cCI6MTcwNjUzMjQyMX0.qAsx9j11_iZDjYOau-jFTCf7KbY_kT9F9nHO5JK9Je4',NULL,NULL),(283,NULL,NULL,NULL,1,'eyJhbGciOiJIUzI1NiJ9.eyJzdWIiOiIyMDIyNjYiLCJpYXQiOjE3MDY0OTY1ODAsImV4cCI6MTcwNjUzMjU4MH0.SlxgRdnTFR1Lvi02vJveEAZaGHZvrd_ntlme61i6160',NULL,NULL),(284,NULL,NULL,NULL,1,'eyJhbGciOiJIUzI1NiJ9.eyJzdWIiOiIyMDIyNjYiLCJpYXQiOjE3MDY0OTY2ODcsImV4cCI6MTcwNjUzMjY4N30.ePHsv2VNb09-9HuRAjF80dx11YX9gjnd1mLBYF6LuQ0',NULL,NULL),(285,NULL,NULL,NULL,1,'eyJhbGciOiJIUzI1NiJ9.eyJzdWIiOiIyMDIyNjYiLCJpYXQiOjE3MDY0OTY4MDksImV4cCI6MTcwNjUzMjgwOX0.7LXgVeCCXrRAmNR77gGqXsbcjCzCSK3avICFoMgysRA',NULL,NULL),(286,NULL,NULL,NULL,1,'eyJhbGciOiJIUzI1NiJ9.eyJzdWIiOiIyMDIyNjYiLCJpYXQiOjE3MDY0OTY4ODgsImV4cCI6MTcwNjUzMjg4OH0.XwUpKIIy7zxxAzUoNkb0hvvXX0D2oeibkEEfPCREX6A',NULL,NULL),(287,NULL,NULL,NULL,1,'eyJhbGciOiJIUzI1NiJ9.eyJzdWIiOiIyMDIyNjYiLCJpYXQiOjE3MDY0OTcxODcsImV4cCI6MTcwNjUzMzE4N30.17a4lHu5rlULpJ_nwjZTipWLKCyM5TgIDO9YInGCQ0I',NULL,NULL),(288,NULL,NULL,NULL,1,'eyJhbGciOiJIUzI1NiJ9.eyJzdWIiOiIyMDIyNjYiLCJpYXQiOjE3MDY1MTcyMzYsImV4cCI6MTcwNjU1MzIzNn0.3aM5J7dN321NKJ3n0gjMg-qoYzISpkem3__GPsk71Z8',NULL,NULL),(289,NULL,NULL,NULL,1,'eyJhbGciOiJIUzI1NiJ9.eyJzdWIiOiIyMDIyNjYiLCJpYXQiOjE3MDY1MTgyOTIsImV4cCI6MTcwNjU1NDI5Mn0.YEDSs5gD9r9WueMANEn5tNa3bG2j7ezyEK_Eo-j8hEI',NULL,NULL);
/*!40000 ALTER TABLE `tb_excan_access_token` ENABLE KEYS */;
UNLOCK TABLES;

--
-- Table structure for table `tb_excan_answer`
--

DROP TABLE IF EXISTS `tb_excan_answer`;
/*!40101 SET @saved_cs_client     = @@character_set_client */;
/*!50503 SET character_set_client = utf8mb4 */;
CREATE TABLE `tb_excan_answer` (
  `ID` int(11) NOT NULL AUTO_INCREMENT,
  `QUESTION_ID` int(11) DEFAULT NULL,
  `CONTENT` varchar(2000) DEFAULT NULL,
  `IS_CORRECT` tinyint(1) DEFAULT NULL,
  `SCORE` int(11) DEFAULT NULL,
  `ANSWER_ORDER` int(11) DEFAULT NULL,
  `STATUS` int(11) DEFAULT NULL,
  `CREATE_AT` datetime DEFAULT NULL,
  `CREATE_BY` varchar(11) DEFAULT NULL,
  `UPDATE_AT` datetime DEFAULT NULL,
  `UPDATE_BY` varchar(11) DEFAULT NULL,
  `DELETE_AT` datetime DEFAULT NULL,
  `IMAGE` varchar(50) DEFAULT NULL,
  PRIMARY KEY (`ID`),
  KEY `FK_tb_excan_answer_tb_excan_question` (`QUESTION_ID`),
  CONSTRAINT `FK_tb_excan_answer_tb_excan_question` FOREIGN KEY (`QUESTION_ID`) REFERENCES `tb_excan_question` (`ID`) ON DELETE NO ACTION ON UPDATE NO ACTION,
  CONSTRAINT `FKlfqwr3puf0imdovrmhp2jkt3g` FOREIGN KEY (`QUESTION_ID`) REFERENCES `tb_excan_question` (`ID`)
) ENGINE=InnoDB AUTO_INCREMENT=485 DEFAULT CHARSET=latin1 COLLATE=latin1_swedish_ci;
/*!40101 SET character_set_client = @saved_cs_client */;

--
-- Dumping data for table `tb_excan_answer`
--

LOCK TABLES `tb_excan_answer` WRITE;
/*!40000 ALTER TABLE `tb_excan_answer` DISABLE KEYS */;
INSERT INTO `tb_excan_answer` VALUES (1,1,' JavaScript is a scripting language used to make the website interactive',1,10,1,0,NULL,NULL,'2024-01-29 01:11:20',NULL,NULL,'http://172.25.219.61:6040/excan/null'),(2,1,' JavaScript is a compiled language used to make the website interactive',0,0,3,0,NULL,NULL,'2024-01-29 01:11:20',NULL,NULL,NULL),(3,1,'JavaScript is an assembly language used to make the website interactive',0,0,2,0,NULL,NULL,'2024-01-29 01:11:20',NULL,NULL,NULL),(4,1,'None of the mentioned',0,0,4,0,NULL,NULL,'2024-01-29 01:11:20',NULL,NULL,NULL),(5,2,'JavaScript is an Object-Based language',1,10,1,0,NULL,NULL,'2024-01-26 11:08:48',NULL,NULL,NULL),(6,2,' JavaScript is Assembly-language',0,0,2,0,NULL,NULL,'2024-01-26 11:08:48',NULL,NULL,NULL),(7,2,'JavaScript is an Object-Oriented language',0,0,4,0,NULL,NULL,'2024-01-26 11:08:48',NULL,NULL,NULL),(8,2,'JavaScript is a High-level language',0,0,3,0,NULL,NULL,'2024-01-26 11:08:48',NULL,NULL,NULL),(9,3,'JavaScript is a function that is enclosed with references to its inner function scope',0,0,1,0,NULL,NULL,'2024-01-26 11:08:30',NULL,NULL,NULL),(10,3,'JavaScript is a function that is enclosed with references to its lexical environment',1,10,2,0,NULL,NULL,'2024-01-26 11:08:30',NULL,NULL,NULL),(11,3,'JavaScript is a function that is enclosed with the object to its inner function scope',0,0,3,0,NULL,NULL,'2024-01-26 11:08:30',NULL,NULL,NULL),(12,3,'None of the mentioned',0,0,4,0,NULL,NULL,'2024-01-26 11:08:30',NULL,NULL,NULL),(13,4,'error',0,0,1,0,NULL,NULL,'2024-01-26 11:08:33',NULL,NULL,NULL),(14,4,'Sanfoundry_ Javascriptmcq',0,0,2,0,NULL,NULL,'2024-01-26 11:08:33',NULL,NULL,NULL),(15,4,'undefined',0,0,3,0,NULL,NULL,'2024-01-26 11:08:33',NULL,NULL,NULL),(16,4,' Sanfoundry_Javascriptmcq',1,10,4,0,NULL,NULL,'2024-01-26 11:08:33',NULL,NULL,NULL),(17,5,'10',0,0,1,0,NULL,NULL,'2024-01-26 11:08:36',NULL,NULL,NULL),(18,5,'50',1,10,2,0,NULL,NULL,'2024-01-26 11:08:36',NULL,NULL,NULL),(19,5,'5',0,0,3,0,NULL,NULL,'2024-01-26 11:08:36',NULL,NULL,NULL),(20,5,'Error',0,0,4,0,NULL,NULL,'2024-01-26 11:08:36',NULL,NULL,NULL),(21,6,'It is an ordered list of values',1,10,1,0,NULL,NULL,'2024-01-26 11:08:57',NULL,NULL,NULL),(22,6,'It is an ordered list of objects',0,0,2,0,NULL,NULL,'2024-01-26 11:08:57',NULL,NULL,NULL),(23,6,'It is an ordered list of string',0,0,3,0,NULL,NULL,'2024-01-26 11:08:57',NULL,NULL,NULL),(24,6,' It is an ordered list of functions',0,0,4,0,NULL,NULL,'2024-01-26 11:08:57',NULL,NULL,NULL),(25,7,'false',0,0,1,0,NULL,NULL,'2024-01-26 11:08:55',NULL,NULL,NULL),(26,7,'true',1,10,2,0,NULL,NULL,'2024-01-26 11:08:55',NULL,NULL,NULL),(27,7,'compilation error',0,0,3,0,NULL,NULL,'2024-01-26 11:08:55',NULL,NULL,NULL),(28,7,'runtime error',0,0,4,0,NULL,NULL,'2024-01-26 11:08:55',NULL,NULL,NULL),(29,8,'false',1,10,1,0,NULL,NULL,'2024-01-23 09:37:31',NULL,NULL,NULL),(30,8,'true',0,0,2,0,NULL,NULL,'2024-01-23 09:37:31',NULL,NULL,NULL),(31,8,'compilation error',0,0,3,0,NULL,NULL,'2024-01-23 09:37:31',NULL,NULL,NULL),(32,8,' runtime error',0,0,4,0,NULL,NULL,'2024-01-23 09:37:31',NULL,NULL,NULL),(33,9,'Exception will be thrown',0,0,1,0,NULL,NULL,'2024-01-23 09:37:36',NULL,NULL,NULL),(34,9,'Memory leak',1,10,2,0,NULL,NULL,'2024-01-23 09:37:36',NULL,NULL,NULL),(35,9,'Error',0,0,3,0,NULL,NULL,'2024-01-23 09:37:36',NULL,NULL,NULL),(36,9,' Yes, perfectly',0,0,4,0,NULL,NULL,'2024-01-23 09:37:36',NULL,NULL,NULL),(37,10,'Null type',0,0,1,0,NULL,NULL,'2024-01-23 09:38:00',NULL,NULL,NULL),(38,10,'Undefined type',0,0,2,0,NULL,NULL,'2024-01-23 09:38:00',NULL,NULL,NULL),(39,10,'Number type',0,0,3,0,NULL,NULL,'2024-01-23 09:38:00',NULL,NULL,NULL),(40,10,'All of the mentioned',1,10,4,0,NULL,NULL,'2024-01-23 09:38:00',NULL,NULL,NULL),(41,11,'Sequential',0,0,1,0,NULL,NULL,'2024-01-23 09:38:12',NULL,NULL,NULL),(42,11,'Segmental',0,0,2,0,NULL,NULL,'2024-01-23 09:38:12',NULL,NULL,NULL),(43,11,'Lexical',1,10,3,0,NULL,NULL,'2024-01-23 09:38:12',NULL,NULL,NULL),(44,11,'Literal',0,0,4,0,NULL,NULL,'2024-01-23 09:38:12',NULL,NULL,NULL),(45,12,'Functions are considered as fields',0,0,1,0,NULL,NULL,'2024-01-23 09:38:18',NULL,NULL,NULL),(46,12,'Functions are values, and there is no hard distinction between methods and fields',1,10,2,0,NULL,NULL,'2024-01-23 09:38:18',NULL,NULL,NULL),(47,12,'Variables are specific',0,0,3,0,NULL,NULL,'2024-01-23 09:38:18',NULL,NULL,NULL),(48,12,'There is no difference',0,0,4,0,NULL,NULL,'2024-01-23 09:38:18',NULL,NULL,NULL),(49,13,'1, 2, 3, 6, 7, 8',1,10,1,0,NULL,NULL,'2024-01-23 09:38:22',NULL,NULL,'http://172.25.219.61:6040/excan/null'),(50,13,'123',0,0,2,0,NULL,NULL,'2024-01-23 09:38:22',NULL,NULL,'http://172.25.219.61:6040/excan/null'),(51,13,'1, 2, 3',0,0,3,0,NULL,NULL,'2024-01-23 09:38:22',NULL,NULL,'http://172.25.219.61:6040/excan/null'),(52,13,'Error',0,0,4,0,NULL,NULL,'2024-01-23 09:38:22',NULL,NULL,'http://172.25.219.61:6040/excan/null'),(53,14,'Returns the value in scope',1,10,1,0,NULL,NULL,'2024-01-29 01:16:25',NULL,NULL,NULL),(54,14,'Returns value null',0,0,2,0,NULL,NULL,'2024-01-29 01:16:25',NULL,NULL,NULL),(55,14,'Shows an error message',0,0,3,0,NULL,NULL,'2024-01-29 01:16:25',NULL,NULL,NULL),(56,14,'Returns exception',0,0,4,0,NULL,NULL,'2024-01-29 01:16:25',NULL,NULL,NULL),(57,15,'4',0,0,1,0,NULL,NULL,'2024-01-26 11:09:36',NULL,NULL,NULL),(58,15,'5',1,10,2,0,NULL,NULL,'2024-01-26 11:09:36',NULL,NULL,NULL),(59,15,'0',0,0,3,0,NULL,NULL,'2024-01-26 11:09:36',NULL,NULL,NULL),(60,15,'error',0,0,4,0,NULL,NULL,'2024-01-26 11:09:36',NULL,NULL,NULL),(61,16,' JavaScript uses equalto()',0,0,1,0,NULL,NULL,'2024-01-26 11:09:33',NULL,NULL,NULL),(62,16,'JavaScript uses equals() and notequals() instead',0,0,2,0,NULL,NULL,'2024-01-26 11:09:33',NULL,NULL,NULL),(63,16,' JavaScript uses bitwise checking',0,0,3,0,NULL,NULL,'2024-01-26 11:09:33',NULL,NULL,NULL),(64,16,'JavaScript uses === and !== instead',1,10,4,0,NULL,NULL,'2024-01-26 11:09:33',NULL,NULL,NULL),(65,17,' runtime error',0,0,1,0,NULL,NULL,'2024-01-26 11:09:30',NULL,NULL,NULL),(66,17,'logical error',0,0,2,0,NULL,NULL,'2024-01-26 11:09:30',NULL,NULL,NULL),(67,17,'true',1,10,3,0,NULL,NULL,'2024-01-26 11:09:30',NULL,NULL,NULL),(68,17,'false',0,0,4,0,NULL,NULL,'2024-01-26 11:09:30',NULL,NULL,NULL),(69,18,'text.check(pattern)',0,0,1,0,NULL,NULL,'2024-01-26 11:09:28',NULL,NULL,NULL),(70,18,' pattern.test(text)',1,10,2,0,NULL,NULL,'2024-01-26 11:09:28',NULL,NULL,NULL),(71,18,' text==pattern',0,0,3,0,NULL,NULL,'2024-01-26 11:09:28',NULL,NULL,NULL),(72,18,'text.equals(pattern)',0,0,4,0,NULL,NULL,'2024-01-26 11:09:28',NULL,NULL,NULL),(73,19,'Prints Empty Array',0,0,1,0,NULL,NULL,'2024-01-29 01:18:49',NULL,NULL,NULL),(74,19,'Prints 0 to the length of the array',0,0,2,0,NULL,NULL,'2024-01-29 01:18:49',NULL,NULL,NULL),(75,19,'Prints the numbers in the array in order',1,10,3,0,NULL,NULL,'2024-01-29 01:18:49',NULL,NULL,NULL),(76,19,'Prints the numbers in the array in the reverse order',0,0,4,0,NULL,NULL,'2024-01-29 01:18:49',NULL,NULL,NULL),(77,20,'The state of the component is updated.',0,0,1,0,NULL,NULL,'2024-01-26 11:09:24',NULL,NULL,NULL),(78,20,'The component is created for the first time.',0,0,2,0,NULL,NULL,'2024-01-26 11:09:24',NULL,NULL,NULL),(79,20,'Both of the above.',1,10,3,0,NULL,NULL,'2024-01-26 11:09:24',NULL,NULL,NULL),(80,20,'None of the above.',0,0,4,0,NULL,NULL,'2024-01-26 11:09:24',NULL,NULL,NULL),(81,21,'ReactDOM.hydrate()',0,0,1,0,NULL,NULL,'2024-01-23 09:48:01',NULL,NULL,NULL),(82,21,'ReactDOM.destroy()',1,10,2,0,NULL,NULL,'2024-01-23 09:48:01',NULL,NULL,NULL),(83,21,'ReactDOM.createPortal()',0,0,3,0,NULL,NULL,'2024-01-23 09:48:01',NULL,NULL,NULL),(84,21,'All of the mentioned',0,0,5,0,NULL,NULL,'2024-01-23 09:48:01',NULL,NULL,NULL),(85,22,'Convert negative to pasitive',0,0,1,0,NULL,NULL,'2024-01-23 09:48:45',NULL,NULL,NULL),(86,22,'Convert positive to negative',1,3,2,0,NULL,NULL,'2024-01-23 09:48:45',NULL,NULL,NULL),(87,22,'Convert positive to vice versa',1,3,3,0,NULL,NULL,'2024-01-23 09:48:45',NULL,NULL,NULL),(88,22,'Both B & C',1,4,4,0,NULL,NULL,'2024-01-23 09:48:45',NULL,NULL,NULL),(89,23,'10*10+5',0,0,1,0,NULL,NULL,'2024-01-23 09:49:29',NULL,NULL,NULL),(90,23,'105 as a string',0,0,2,0,NULL,NULL,'2024-01-23 09:49:29',NULL,NULL,NULL),(91,23,'105 as an integer value',1,10,3,0,NULL,NULL,'2024-01-23 09:49:29',NULL,NULL,NULL),(92,23,' Exception is thrown',0,0,4,0,NULL,NULL,'2024-01-23 09:49:29',NULL,NULL,NULL),(93,24,'short',1,10,1,0,NULL,NULL,'2024-01-29 01:23:46',NULL,NULL,NULL),(94,24,'123.56',0,0,2,0,NULL,NULL,'2024-01-29 01:23:46',NULL,NULL,NULL),(95,24,'tall',0,0,3,0,NULL,NULL,'2024-01-29 01:23:46',NULL,NULL,NULL),(96,24,'190',0,0,4,0,NULL,NULL,'2024-01-29 01:23:46',NULL,NULL,NULL),(97,25,'Open-source JavaScript back-end library',0,0,1,0,NULL,NULL,'2024-01-23 09:49:42',NULL,NULL,NULL),(98,25,'JavaScript front-end library to create a database',0,0,2,0,NULL,NULL,'2024-01-23 09:49:42',NULL,NULL,NULL),(99,25,' Free and open-source JavaScript front-end library',1,10,3,0,NULL,NULL,'2024-01-23 09:49:42',NULL,NULL,NULL),(100,25,' None of the mentioned',0,0,4,0,NULL,NULL,'2024-01-23 09:49:42',NULL,NULL,NULL),(101,26,'Class',0,0,1,0,NULL,NULL,'2024-01-23 09:49:47',NULL,NULL,NULL),(102,26,'Props',1,10,2,0,NULL,NULL,'2024-01-23 09:49:47',NULL,NULL,NULL),(103,26,'Factory',0,0,3,0,NULL,NULL,'2024-01-23 09:49:47',NULL,NULL,NULL),(104,26,'None of the mentioned',0,0,4,0,NULL,NULL,'2024-01-23 09:49:47',NULL,NULL,NULL),(105,27,'C',0,0,1,0,NULL,NULL,'2024-01-23 09:49:50',NULL,NULL,NULL),(106,27,'C++',0,0,2,0,NULL,NULL,'2024-01-23 09:49:50',NULL,NULL,NULL),(107,27,'JavaScript',1,10,3,0,NULL,NULL,'2024-01-23 09:49:50',NULL,NULL,NULL),(108,27,'Java',0,0,4,0,NULL,NULL,'2024-01-23 09:49:50',NULL,NULL,NULL),(109,28,'React doesnt return element',0,0,1,0,NULL,NULL,'2024-01-23 09:49:53',NULL,NULL,NULL),(110,28,'1 Element',1,10,2,0,NULL,NULL,'2024-01-23 09:49:53',NULL,NULL,NULL),(111,28,'More than 1 element',0,0,3,0,NULL,NULL,'2024-01-23 09:49:53',NULL,NULL,NULL),(112,28,'None of the mentioned',0,0,4,0,NULL,NULL,'2024-01-23 09:49:53',NULL,NULL,NULL),(113,29,'npm install create-react-app',0,0,1,0,NULL,NULL,'2024-01-23 09:49:56',NULL,NULL,NULL),(114,29,'npm install -f create-react-app',0,0,2,0,NULL,NULL,'2024-01-23 09:49:56',NULL,NULL,NULL),(115,29,'npm install -g create-react-app',1,10,3,0,NULL,NULL,'2024-01-23 09:49:56',NULL,NULL,NULL),(116,29,'install -g create-react-app',0,0,4,0,NULL,NULL,'2024-01-23 09:49:56',NULL,NULL,NULL),(117,30,'Synchronous in nature.',0,0,1,0,NULL,NULL,'2024-01-23 09:51:08',NULL,NULL,NULL),(118,30,'Asynchronous in nature.',1,10,3,0,NULL,NULL,'2024-01-23 09:51:08',NULL,NULL,NULL),(119,30,'Are asynchronous but can be made synchronous when required.',0,0,2,0,NULL,NULL,'2024-01-23 09:51:08',NULL,NULL,NULL),(120,30,'None of the above.',0,0,4,0,NULL,NULL,'2024-01-23 09:51:08',NULL,NULL,NULL),(121,31,'props',1,10,1,0,NULL,NULL,'2024-01-23 09:51:28',NULL,NULL,NULL),(122,31,'render with arguments',0,0,2,0,NULL,NULL,'2024-01-23 09:51:28',NULL,NULL,NULL),(123,31,'setState',0,0,3,0,NULL,NULL,'2024-01-23 09:51:28',NULL,NULL,NULL),(124,31,'PropTypes',0,0,4,0,NULL,NULL,'2024-01-23 09:51:28',NULL,NULL,NULL),(125,31,'aaaa',0,0,5,0,NULL,NULL,'2024-01-23 09:51:28',NULL,NULL,NULL),(126,32,'C++ is an object oriented programming language',0,0,1,0,NULL,NULL,'2024-01-23 09:51:32',NULL,NULL,NULL),(127,32,' C++ is a procedural programming language',0,0,2,0,NULL,NULL,'2024-01-23 09:51:32',NULL,NULL,NULL),(128,32,'C++ supports both procedural and object oriented programming language',1,10,3,0,NULL,NULL,'2024-01-23 09:51:32',NULL,NULL,NULL),(129,32,'C++ is a functional programming language',0,0,4,0,NULL,NULL,'2024-01-23 09:51:32',NULL,NULL,NULL),(130,33,'#include [userdefined]',0,0,1,0,NULL,NULL,'2024-01-23 09:51:39',NULL,NULL,NULL),(131,33,'#include userdefined',1,10,2,0,NULL,NULL,'2024-01-23 09:51:39',NULL,NULL,NULL),(132,33,'#include <userdefined.h>',0,0,3,0,NULL,NULL,'2024-01-23 09:51:39',NULL,NULL,NULL),(133,33,'#include <userdefined>',0,0,4,0,NULL,NULL,'2024-01-23 09:51:39',NULL,NULL,NULL),(134,34,'/* comment */',0,0,1,0,NULL,NULL,'2024-01-23 09:51:45',NULL,NULL,NULL),(135,34,' // comment */',0,0,2,0,NULL,NULL,'2024-01-23 09:51:45',NULL,NULL,NULL),(136,34,'// comment',0,0,3,0,NULL,NULL,'2024-01-23 09:51:45',NULL,NULL,NULL),(137,34,' both // comment or /* comment */',1,10,4,0,NULL,NULL,'2024-01-23 09:51:45',NULL,NULL,NULL),(138,35,'hg',0,0,1,0,NULL,NULL,'2024-01-23 09:51:50',NULL,NULL,NULL),(139,35,'cpp',0,0,2,0,NULL,NULL,'2024-01-23 09:51:50',NULL,NULL,NULL),(140,35,'h',1,10,3,0,NULL,NULL,'2024-01-23 09:51:50',NULL,NULL,NULL),(141,35,'hf',0,0,4,0,NULL,NULL,'2024-01-23 09:51:50',NULL,NULL,NULL),(142,36,'VAR_1234',1,10,1,0,NULL,NULL,'2024-01-23 09:51:53',NULL,NULL,NULL),(143,36,'$var_name',0,0,2,0,NULL,NULL,'2024-01-23 09:51:53',NULL,NULL,NULL),(144,36,'7VARNAME',0,0,3,0,NULL,NULL,'2024-01-23 09:51:53',NULL,NULL,NULL),(145,36,'7var_name',0,0,4,0,NULL,NULL,'2024-01-23 09:51:53',NULL,NULL,NULL),(146,37,'Default constructor',0,0,1,0,NULL,NULL,'2024-01-23 09:51:57',NULL,NULL,NULL),(147,37,'Parameterized constructor',0,0,2,0,NULL,NULL,'2024-01-23 09:51:57',NULL,NULL,NULL),(148,37,'Copy constructor',0,0,3,0,NULL,NULL,'2024-01-23 09:51:57',NULL,NULL,NULL),(149,37,'Friend constructor',1,10,4,0,NULL,NULL,'2024-01-23 09:51:57',NULL,NULL,NULL),(150,38,'Left-right',0,0,1,0,NULL,NULL,'2024-01-23 09:52:01',NULL,NULL,NULL),(151,38,'Right-left',0,0,2,0,NULL,NULL,'2024-01-23 09:52:01',NULL,NULL,NULL),(152,38,'Bottom-up',1,10,3,0,NULL,NULL,'2024-01-23 09:52:01',NULL,NULL,NULL),(153,38,'Top-down',0,0,4,0,NULL,NULL,'2024-01-23 09:52:01',NULL,NULL,NULL),(154,39,'C++ technique to enhance multiple inheritance',0,0,1,0,NULL,NULL,'2024-01-23 09:52:04',NULL,NULL,NULL),(155,39,'C++ technique to ensure that a private member of the base class can be accessed somehow',0,0,2,0,NULL,NULL,'2024-01-23 09:52:04',NULL,NULL,NULL),(156,39,' C++ technique to avoid multiple inheritances of classes',0,0,3,0,NULL,NULL,'2024-01-23 09:52:04',NULL,NULL,NULL),(157,39,'C++ technique to avoid multiple copies of the base class into children/derived class',1,10,4,0,NULL,NULL,'2024-01-23 09:52:04',NULL,NULL,NULL),(158,40,'The program is not semantically correct',0,0,1,0,NULL,NULL,'2024-01-23 09:52:58',NULL,NULL,NULL),(159,40,'The program is compiled and executed successfully',1,10,2,0,NULL,NULL,'2024-01-23 09:52:58',NULL,NULL,NULL),(160,40,' The program gives a compile-time error',0,0,3,0,NULL,NULL,'2024-01-23 09:52:58',NULL,NULL,NULL),(161,40,'The program compiled successfully but throws an error during run-time',0,0,4,0,NULL,NULL,'2024-01-23 09:52:58',NULL,NULL,NULL),(162,41,'Hello',0,0,1,0,NULL,NULL,'2024-01-23 09:53:02',NULL,NULL,NULL),(163,41,'World',0,0,2,0,NULL,NULL,'2024-01-23 09:53:02',NULL,NULL,NULL),(164,41,'Error',1,10,3,0,NULL,NULL,'2024-01-23 09:53:02',NULL,NULL,NULL),(165,41,'Hello World',0,0,4,0,NULL,NULL,'2024-01-23 09:53:02',NULL,NULL,NULL),(166,42,'delete is syntactically correct but delete[] is wrong and hence will give an error if used in any case',0,0,1,0,NULL,NULL,'2024-01-23 09:53:26',NULL,NULL,NULL),(167,42,'delete is used to delete normal objects whereas delete[] is used to pointer objects',0,0,2,0,NULL,NULL,'2024-01-23 09:53:26',NULL,NULL,NULL),(168,42,'delete is a keyword whereas delete[] is an identifier',0,0,3,0,NULL,NULL,'2024-01-23 09:53:26',NULL,NULL,NULL),(169,42,'delete is used to delete single object whereas delete[] is used to multiple(array/pointer of) objects',1,10,4,0,NULL,NULL,'2024-01-23 09:53:26',NULL,NULL,NULL),(170,43,'12',0,0,1,0,NULL,NULL,'2024-01-23 09:53:30',NULL,NULL,NULL),(171,43,'0',0,0,2,0,NULL,NULL,'2024-01-23 09:53:30',NULL,NULL,NULL),(172,43,'2',0,0,3,0,NULL,NULL,'2024-01-23 09:53:30',NULL,NULL,NULL),(173,43,'16',1,10,4,0,NULL,NULL,'2024-01-23 09:53:30',NULL,NULL,NULL),(174,44,'Binary',0,0,1,0,NULL,NULL,'2024-01-23 09:53:35',NULL,NULL,NULL),(175,44,'VTC',0,0,2,0,NULL,NULL,'2024-01-23 09:53:35',NULL,NULL,NULL),(176,44,'Text',1,10,3,0,NULL,NULL,'2024-01-23 09:53:35',NULL,NULL,NULL),(177,44,'ISCII',0,0,4,0,NULL,NULL,'2024-01-23 09:53:35',NULL,NULL,NULL),(178,45,'30',0,0,1,0,NULL,NULL,'2024-01-23 09:53:39',NULL,NULL,NULL),(179,45,'Error',0,0,2,0,NULL,NULL,'2024-01-23 09:53:39',NULL,NULL,NULL),(180,45,'Segmentation fault',0,0,3,0,NULL,NULL,'2024-01-23 09:53:39',NULL,NULL,NULL),(181,45,'870',1,10,4,0,NULL,NULL,'2024-01-23 09:53:39',NULL,NULL,NULL),(182,46,'Constructing Base, Constructing Derived, Destructing Base',0,0,1,0,NULL,NULL,'2024-01-23 09:58:49',NULL,NULL,NULL),(183,46,'Constructing Base, Constructing Derived, Destructing Derived, Destructing Base',1,10,3,0,NULL,NULL,'2024-01-23 09:58:49',NULL,NULL,NULL),(184,46,'Constructing Base, Constructing Derived, Destructing Base, Destructing Derived',0,0,2,0,NULL,NULL,'2024-01-23 09:58:49',NULL,NULL,NULL),(185,46,'Constructing Derived, Constructing Base, Destructing Base, Destructing Derived',0,0,4,0,NULL,NULL,'2024-01-23 09:58:49',NULL,NULL,NULL),(186,49,'JAVA is a high-level, class-based, object-oriented programming language that is designed to have as few implementation dependencies as possible.',1,10,1,0,'2024-01-10 11:32:43',NULL,'2024-01-26 11:09:08',NULL,NULL,NULL),(187,49,'a2',1,10,2,0,'2024-01-10 11:32:43',NULL,'2024-01-26 11:09:08',NULL,NULL,NULL),(188,50,'undeclared',1,5,1,0,'2024-01-10 15:39:50',NULL,'2024-01-23 10:02:03',NULL,NULL,NULL),(189,50,'undefined',1,5,2,0,'2024-01-10 15:39:50',NULL,'2024-01-23 10:02:03',NULL,NULL,NULL),(190,50,'undefined',1,3,3,0,'2024-01-10 15:39:50',NULL,'2024-01-23 10:02:03',NULL,NULL,NULL),(191,50,'undefined',1,5,4,0,'2024-01-10 15:39:50',NULL,'2024-01-23 10:02:03',NULL,NULL,NULL),(192,51,'Guido van Rossum',0,0,1,0,'2024-01-16 10:42:48',NULL,'2024-01-23 10:08:03',NULL,NULL,NULL),(193,51,' James Gosling',1,10,2,0,'2024-01-16 10:42:48',NULL,'2024-01-23 10:08:03',NULL,NULL,NULL),(194,51,'Dennis Ritchie',0,0,3,0,'2024-01-16 10:42:48',NULL,'2024-01-23 10:08:03',NULL,NULL,NULL),(195,51,'Bjarne Stroustrup',0,0,4,0,'2024-01-16 10:42:48',NULL,'2024-01-23 10:08:03',NULL,NULL,NULL),(196,52,'Java is a sequence-dependent programming language',0,0,1,0,'2024-01-16 10:43:46',NULL,'2024-01-23 10:03:24',NULL,NULL,NULL),(197,52,'Java is a code dependent programming language',0,0,2,0,'2024-01-16 10:43:46',NULL,'2024-01-23 10:03:24',NULL,NULL,NULL),(198,52,'Java is a platform-dependent programming language',1,10,3,0,'2024-01-16 10:43:46',NULL,'2024-01-23 10:03:24',NULL,NULL,NULL),(199,52,'Java is a platform-independent programming language',0,0,4,0,'2024-01-16 10:43:46',NULL,'2024-01-23 10:03:24',NULL,NULL,NULL),(200,53,'JRE',0,0,1,0,'2024-01-16 10:50:01',NULL,'2024-01-23 10:08:11',NULL,NULL,NULL),(201,53,'JIT',0,0,2,0,'2024-01-16 10:50:01',NULL,'2024-01-23 10:08:11',NULL,NULL,NULL),(202,53,'JDK',1,10,3,0,'2024-01-16 10:50:01',NULL,'2024-01-23 10:08:11',NULL,NULL,NULL),(203,53,'JVM',0,0,4,0,'2024-01-16 10:50:01',NULL,'2024-01-23 10:08:11',NULL,NULL,NULL),(204,54,'Object-oriented',0,0,1,0,'2024-01-16 10:51:03',NULL,'2024-01-23 10:08:18',NULL,NULL,NULL),(205,54,'Use of pointers',1,10,2,0,'2024-01-16 10:51:03',NULL,'2024-01-23 10:08:18',NULL,NULL,NULL),(206,54,'Portable',0,0,3,0,'2024-01-16 10:51:03',NULL,'2024-01-23 10:08:18',NULL,NULL,NULL),(207,54,'Dynamic and Extensible',0,0,4,0,'2024-01-16 10:51:03',NULL,'2024-01-23 10:08:18',NULL,NULL,NULL),(208,55,'identifier & keyword',0,0,1,0,'2024-01-16 10:51:54',NULL,'2024-01-23 10:08:21',NULL,NULL,NULL),(209,55,'identifier',0,0,2,0,'2024-01-16 10:51:54',NULL,'2024-01-23 10:08:21',NULL,NULL,NULL),(210,55,'keyword',1,10,3,0,'2024-01-16 10:51:54',NULL,'2024-01-23 10:08:21',NULL,NULL,NULL),(211,55,'none of the mentioned',0,0,4,0,'2024-01-16 10:51:54',NULL,'2024-01-23 10:08:21',NULL,NULL,NULL),(212,56,'js',0,0,1,0,'2024-01-16 10:52:45',NULL,'2024-01-23 10:08:26',NULL,NULL,NULL),(213,56,'txt',0,0,2,0,'2024-01-16 10:52:45',NULL,'2024-01-23 10:08:26',NULL,NULL,NULL),(214,56,'class',0,0,3,0,'2024-01-16 10:52:45',NULL,'2024-01-23 10:08:26',NULL,NULL,NULL),(215,56,'java',1,10,4,0,'2024-01-16 10:52:45',NULL,'2024-01-23 10:08:26',NULL,NULL,NULL),(216,57,'32',1,10,1,0,'2024-01-16 10:53:36',NULL,'2024-01-23 10:08:30',NULL,NULL,NULL),(217,57,'33',0,0,2,0,'2024-01-16 10:53:36',NULL,'2024-01-23 10:08:30',NULL,NULL,NULL),(218,57,'24',0,0,3,0,'2024-01-16 10:53:36',NULL,'2024-01-23 10:08:30',NULL,NULL,NULL),(219,57,'25',0,0,4,0,'2024-01-16 10:53:36',NULL,'2024-01-23 10:08:30',NULL,NULL,NULL),(220,58,'MAVEN_Path',0,0,1,0,'2024-01-16 10:54:20',NULL,'2024-01-23 10:08:34',NULL,NULL,NULL),(221,58,'JavaPATH',1,10,2,0,'2024-01-16 10:54:20',NULL,'2024-01-23 10:08:34',NULL,NULL,NULL),(222,58,'JAVA',0,0,3,0,'2024-01-16 10:54:20',NULL,'2024-01-23 10:08:34',NULL,NULL,NULL),(223,58,'JAVA_HOME',0,0,4,0,'2024-01-16 10:54:20',NULL,'2024-01-23 10:08:34',NULL,NULL,NULL),(224,59,'NaN',0,0,1,0,'2024-01-16 11:27:30',NULL,'2024-01-23 10:08:48',NULL,NULL,NULL),(225,59,'Infinity',0,0,2,0,'2024-01-16 11:27:30',NULL,'2024-01-23 10:08:48',NULL,NULL,NULL),(226,59,'0.0',0,0,3,0,'2024-01-16 11:27:30',NULL,'2024-01-23 10:08:48',NULL,NULL,NULL),(227,59,'All of the above.',1,10,4,0,'2024-01-16 11:27:30',NULL,'2024-01-23 10:08:48',NULL,NULL,NULL),(228,60,'Polymorphism',0,0,1,0,'2024-01-16 11:38:30',NULL,'2024-01-23 10:08:51',NULL,NULL,NULL),(229,60,'Inheritance',0,0,2,0,'2024-01-16 11:38:30',NULL,'2024-01-23 10:08:51',NULL,NULL,NULL),(230,60,'Compilation',1,10,3,0,'2024-01-16 11:38:30',NULL,'2024-01-23 10:08:51',NULL,NULL,NULL),(231,60,'Encapsulation',0,0,4,0,'2024-01-16 11:38:30',NULL,'2024-01-23 10:08:51',NULL,NULL,NULL),(232,61,'Referring to the instance variable when a local variable has the same name',0,0,1,0,'2024-01-16 11:39:37',NULL,'2024-01-23 10:08:55',NULL,NULL,NULL),(233,61,'Passing itself to the method of the same class',1,10,2,0,'2024-01-16 11:39:37',NULL,'2024-01-23 10:08:55',NULL,NULL,NULL),(234,61,'Passing itself to another method',0,0,3,0,'2024-01-16 11:39:37',NULL,'2024-01-23 10:08:55',NULL,NULL,NULL),(235,61,'Calling another constructor in constructor chaining',0,0,4,0,'2024-01-16 11:39:37',NULL,'2024-01-23 10:08:55',NULL,NULL,NULL),(236,62,'Compilation error',1,10,1,0,'2024-01-16 11:40:20',NULL,'2024-01-23 10:08:59',NULL,NULL,NULL),(237,62,'Runtime error',0,0,2,0,'2024-01-16 11:40:20',NULL,'2024-01-23 10:08:59',NULL,NULL,NULL),(238,62,' 5 6 5 6',0,0,3,0,'2024-01-16 11:40:20',NULL,'2024-01-23 10:08:59',NULL,NULL,NULL),(239,62,'5 6 5',0,0,4,0,'2024-01-16 11:40:20',NULL,'2024-01-23 10:08:59',NULL,NULL,NULL),(240,63,' b cannot contain value 50',0,0,1,0,'2024-01-16 11:41:19',NULL,'2024-01-23 10:09:03',NULL,NULL,NULL),(241,63,'b cannot contain value 100, limited by its range',0,0,2,0,'2024-01-16 11:41:19',NULL,'2024-01-23 10:09:03',NULL,NULL,NULL),(242,63,'No error in this code',0,0,3,0,'2024-01-16 11:41:19',NULL,'2024-01-23 10:09:03',NULL,NULL,NULL),(243,63,' * operator has converted b * 50 into int, which can not be converted to byte without casting',1,10,4,0,'2024-01-16 11:41:19',NULL,'2024-01-23 10:09:03',NULL,NULL,NULL),(244,64,'Multiple polymorphism',0,0,1,0,'2024-01-16 13:04:43',NULL,'2024-01-23 10:09:07',NULL,NULL,NULL),(245,64,'Compile time polymorphism',1,10,2,0,'2024-01-16 13:04:43',NULL,'2024-01-23 10:09:07',NULL,NULL,NULL),(246,64,'Multilevel polymorphism',0,0,3,0,'2024-01-16 13:04:43',NULL,'2024-01-23 10:09:07',NULL,NULL,NULL),(247,64,'Execution time polymorphism',0,0,4,0,'2024-01-16 13:04:43',NULL,'2024-01-23 10:09:07',NULL,NULL,NULL),(248,65,'0 256',0,0,1,0,'2024-01-16 13:05:39',NULL,'2024-01-23 10:09:11',NULL,NULL,NULL),(249,65,'0 64',0,0,2,0,'2024-01-16 13:05:39',NULL,'2024-01-23 10:09:11',NULL,NULL,NULL),(250,65,'256 0',1,10,3,0,'2024-01-16 13:05:39',NULL,'2024-01-23 10:09:11',NULL,NULL,NULL),(251,65,'64 0',0,0,4,0,'2024-01-16 13:05:39',NULL,'2024-01-23 10:09:11',NULL,NULL,NULL),(252,66,'100',0,0,1,0,'2024-01-16 13:06:31',NULL,'2024-01-23 10:10:57',NULL,NULL,NULL),(253,66,'400',0,0,2,0,'2024-01-16 13:06:31',NULL,'2024-01-23 10:10:57',NULL,NULL,NULL),(254,66,'200',1,10,3,0,'2024-01-16 13:06:31',NULL,'2024-01-23 10:10:57',NULL,NULL,NULL),(255,66,'12',0,0,4,0,'2024-01-16 13:06:31',NULL,'2024-01-23 10:10:57',NULL,NULL,NULL),(256,67,'Floating-point value assigned to a Floating type',0,0,1,0,'2024-01-16 13:07:25',NULL,'2024-01-23 10:11:01',NULL,NULL,NULL),(257,67,'Floating-point value assigned to an integer type',1,10,2,0,'2024-01-16 13:07:25',NULL,'2024-01-23 10:11:01',NULL,NULL,NULL),(258,67,'Integer value assigned to floating type',0,0,3,0,'2024-01-16 13:07:25',NULL,'2024-01-23 10:11:01',NULL,NULL,NULL),(259,67,'Integer value assigned to floating type',0,0,4,0,'2024-01-16 13:07:25',NULL,'2024-01-23 10:11:01',NULL,NULL,NULL),(260,68,'1 2 3 4 5',0,0,1,0,'2024-01-16 13:08:08',NULL,'2024-01-23 10:11:05',NULL,NULL,NULL),(261,68,'1 2 3 4',0,0,2,0,'2024-01-16 13:08:08',NULL,'2024-01-23 10:11:05',NULL,NULL,NULL),(262,68,'1 2',0,0,3,0,'2024-01-16 13:08:08',NULL,'2024-01-23 10:11:05',NULL,NULL,NULL),(263,68,'1 2 3',1,10,4,0,'2024-01-16 13:08:08',NULL,'2024-01-23 10:11:05',NULL,NULL,NULL),(264,69,'The snippet compiles and runs but does not print anything',1,10,1,0,'2024-01-16 13:08:55',NULL,'2024-01-23 10:11:09',NULL,NULL,NULL),(265,69,'The snippet compiles, runs and prints 0',0,0,2,0,'2024-01-16 13:08:55',NULL,'2024-01-23 10:11:09',NULL,NULL,NULL),(266,69,'The snippet compiles, runs and prints 1',0,0,3,0,'2024-01-16 13:08:55',NULL,'2024-01-23 10:11:09',NULL,NULL,NULL),(267,69,' The snippet does not compile',0,0,4,0,'2024-01-16 13:08:55',NULL,'2024-01-23 10:11:09',NULL,NULL,NULL),(268,70,'MemoryError',0,0,1,0,'2024-01-16 13:09:37',NULL,'2024-01-23 10:11:12',NULL,NULL,NULL),(269,70,'OutOfMemoryError',1,10,2,0,'2024-01-16 13:09:37',NULL,'2024-01-23 10:11:12',NULL,NULL,NULL),(270,70,'MemoryOutOfBoundsException',0,0,3,0,'2024-01-16 13:09:37',NULL,'2024-01-23 10:11:12',NULL,NULL,NULL),(271,70,'MemoryFullException',0,0,4,0,'2024-01-16 13:09:37',NULL,'2024-01-23 10:11:12',NULL,NULL,NULL),(272,71,'abc',1,10,1,0,'2024-01-16 13:10:21',NULL,'2024-01-23 10:11:15',NULL,NULL,NULL),(273,71,'a',0,0,2,0,'2024-01-16 13:10:21',NULL,'2024-01-23 10:11:15',NULL,NULL,NULL),(274,71,'d',0,0,3,0,'2024-01-16 13:10:21',NULL,'2024-01-23 10:11:15',NULL,NULL,NULL),(275,71,'c',0,0,4,0,'2024-01-16 13:10:21',NULL,'2024-01-23 10:11:15',NULL,NULL,NULL),(276,72,'break',0,0,1,0,'2024-01-16 13:11:05',NULL,'2024-01-23 10:11:19',NULL,NULL,NULL),(277,72,'continue',0,0,2,0,'2024-01-16 13:11:05',NULL,'2024-01-23 10:11:19',NULL,NULL,NULL),(278,72,'for()',0,0,3,0,'2024-01-16 13:11:05',NULL,'2024-01-23 10:11:19',NULL,NULL,NULL),(279,72,' if()',1,10,4,0,'2024-01-16 13:11:05',NULL,'2024-01-23 10:11:19',NULL,NULL,NULL),(280,73,'1',1,10,1,0,'2024-01-16 13:11:48',NULL,'2024-01-23 10:11:23',NULL,NULL,NULL),(281,73,'120',0,0,2,0,'2024-01-16 13:11:48',NULL,'2024-01-23 10:11:23',NULL,NULL,NULL),(282,73,'0',0,0,3,0,'2024-01-16 13:11:48',NULL,'2024-01-23 10:11:23',NULL,NULL,NULL),(283,73,'None of the mentioned',0,0,4,0,'2024-01-16 13:11:48',NULL,'2024-01-23 10:11:23',NULL,NULL,NULL),(284,74,'0',0,0,1,0,'2024-01-16 13:12:24',NULL,'2024-01-23 10:11:27',NULL,NULL,NULL),(285,74,'true',0,0,2,0,'2024-01-16 13:12:24',NULL,'2024-01-23 10:11:27',NULL,NULL,NULL),(286,74,'1',0,0,3,0,'2024-01-16 13:12:24',NULL,'2024-01-23 10:11:27',NULL,NULL,NULL),(287,74,'false',1,10,4,0,'2024-01-16 13:12:24',NULL,'2024-01-23 10:11:27',NULL,NULL,NULL),(288,75,'intf',0,0,1,0,'2024-01-16 13:12:58',NULL,'2024-01-26 11:10:12',NULL,NULL,NULL),(289,75,'Intf',0,0,2,0,'2024-01-16 13:12:58',NULL,'2024-01-26 11:10:12',NULL,NULL,NULL),(290,75,'interface',1,10,3,0,'2024-01-16 13:12:58',NULL,'2024-01-26 11:10:12',NULL,NULL,NULL),(291,75,'Interface',0,0,4,0,'2024-01-16 13:12:58',NULL,'2024-01-26 11:10:12',NULL,NULL,NULL),(292,76,'QuizziuQ',0,0,1,0,'2024-01-16 13:13:37',NULL,'2024-01-23 10:11:35',NULL,NULL,NULL),(293,76,'ziuQQuiz',0,0,2,0,'2024-01-16 13:13:37',NULL,'2024-01-23 10:11:35',NULL,NULL,NULL),(294,76,'Quiz',0,0,3,0,'2024-01-16 13:13:37',NULL,'2024-01-23 10:11:35',NULL,NULL,NULL),(295,76,'ziuQ',1,10,4,0,'2024-01-16 13:13:37',NULL,'2024-01-23 10:11:35',NULL,NULL,NULL),(296,77,'257',0,0,1,0,'2024-01-16 13:14:17',NULL,'2024-01-23 10:11:38',NULL,NULL,NULL),(297,77,'256',0,0,2,0,'2024-01-16 13:14:17',NULL,'2024-01-23 10:11:38',NULL,NULL,NULL),(298,77,'1',1,10,3,0,'2024-01-16 13:14:17',NULL,'2024-01-23 10:11:38',NULL,NULL,NULL),(299,77,'0',0,0,4,0,'2024-01-16 13:14:17',NULL,'2024-01-23 10:11:38',NULL,NULL,NULL),(300,78,'9.0',0,0,1,0,'2024-01-16 13:14:56',NULL,'2024-01-26 11:10:05',NULL,NULL,NULL),(301,78,'8.0',1,10,2,0,'2024-01-16 13:14:56',NULL,'2024-01-26 11:10:05',NULL,NULL,NULL),(302,78,'4.0',0,0,3,0,'2024-01-16 13:14:56',NULL,'2024-01-26 11:10:05',NULL,NULL,NULL),(303,78,'2.0',0,0,4,0,'2024-01-16 13:14:56',NULL,'2024-01-26 11:10:05',NULL,NULL,NULL),(304,79,'ArrayList',0,0,1,0,'2024-01-16 13:16:33',NULL,'2024-01-26 11:10:08',NULL,NULL,NULL),(305,79,'Abstract class',0,0,2,0,'2024-01-16 13:16:33',NULL,'2024-01-26 11:10:08',NULL,NULL,NULL),(306,79,'Object class',1,10,3,0,'2024-01-16 13:16:33',NULL,'2024-01-26 11:10:08',NULL,NULL,NULL),(307,79,'String',0,0,4,0,'2024-01-16 13:16:33',NULL,'2024-01-26 11:10:08',NULL,NULL,NULL),(308,80,'3',0,0,1,0,'2024-01-16 13:17:05',NULL,'2024-01-26 11:10:10',NULL,NULL,NULL),(309,80,'0',0,0,2,0,'2024-01-16 13:17:05',NULL,'2024-01-26 11:10:10',NULL,NULL,NULL),(310,80,'4',1,10,3,0,'2024-01-16 13:17:05',NULL,'2024-01-26 11:10:10',NULL,NULL,NULL),(311,80,'3.0',0,0,4,0,'2024-01-16 13:17:05',NULL,'2024-01-26 11:10:10',NULL,NULL,NULL),(312,81,'127',1,10,1,0,'2024-01-16 13:18:07',NULL,'2024-01-23 10:13:29',NULL,NULL,NULL),(313,81,'126',0,0,2,0,'2024-01-16 13:18:07',NULL,'2024-01-23 10:13:29',NULL,NULL,NULL),(314,81,'Runtime Error',0,0,3,0,'2024-01-16 13:18:07',NULL,'2024-01-23 10:13:29',NULL,NULL,NULL),(315,81,'Compilation Error',0,0,4,0,'2024-01-16 13:18:07',NULL,'2024-01-23 10:13:29',NULL,NULL,NULL),(316,82,'JProfiler',0,0,1,0,'2024-01-16 13:18:45',NULL,'2024-01-23 10:13:34',NULL,NULL,NULL),(317,82,'Eclipse Profiler',0,0,2,0,'2024-01-16 13:18:45',NULL,'2024-01-23 10:13:34',NULL,NULL,NULL),(318,82,'JVM',1,10,3,0,'2024-01-16 13:18:45',NULL,'2024-01-23 10:13:34',NULL,NULL,NULL),(319,82,'JConsole',0,0,4,0,'2024-01-16 13:18:45',NULL,'2024-01-23 10:13:34',NULL,NULL,NULL),(320,83,'www.sanfoundry.com',0,0,1,0,'2024-01-16 13:19:22',NULL,'2024-01-23 10:13:37',NULL,NULL,NULL),(321,83,'https://www.sanfoundry.com/javamcq',1,10,2,0,'2024-01-16 13:19:22',NULL,'2024-01-23 10:13:37',NULL,NULL,NULL),(322,83,'sanfoundry',0,0,3,0,'2024-01-16 13:19:22',NULL,'2024-01-23 10:13:37',NULL,NULL,NULL),(323,83,' sanfoundry.com',0,0,4,0,'2024-01-16 13:19:22',NULL,'2024-01-23 10:13:37',NULL,NULL,NULL),(324,84,' [A, D, C]',0,0,1,0,'2024-01-16 13:20:11',NULL,'2024-01-23 10:14:07',NULL,NULL,NULL),(325,84,'[A, B, C]',0,0,2,0,'2024-01-16 13:20:11',NULL,'2024-01-23 10:14:07',NULL,NULL,NULL),(326,84,' [A, B, C, D]',0,0,3,0,'2024-01-16 13:20:11',NULL,'2024-01-23 10:14:07',NULL,NULL,NULL),(327,84,'[A, D, B, C]',1,10,4,0,'2024-01-16 13:20:11',NULL,'2024-01-23 10:14:07',NULL,NULL,NULL),(328,85,'1 2 5 8',1,10,1,0,'2024-01-16 13:41:18',NULL,'2024-01-23 10:14:12',NULL,NULL,NULL),(329,85,'2 1 8 5',0,0,2,0,'2024-01-16 13:41:18',NULL,'2024-01-23 10:14:12',NULL,NULL,NULL),(330,85,'1 5 8 2',0,0,3,0,'2024-01-16 13:41:18',NULL,'2024-01-23 10:14:12',NULL,NULL,NULL),(331,85,' 2 8 5 1',0,0,4,0,'2024-01-16 13:41:18',NULL,'2024-01-23 10:14:12',NULL,NULL,NULL),(332,86,' start() method is used to begin execution of the thread',0,0,1,0,'2024-01-16 13:42:02',NULL,'2024-01-23 10:14:15',NULL,NULL,NULL),(333,86,'run() method is used to begin execution of a thread before start() method in special cases',1,10,2,0,'2024-01-16 13:42:02',NULL,'2024-01-23 10:14:15',NULL,NULL,NULL),(334,86,'A thread can be formed by implementing Runnable interface only',0,0,3,0,'2024-01-16 13:42:02',NULL,'2024-01-23 10:14:15',NULL,NULL,NULL),(335,86,'A thread can be formed by a class that extends Thread class',0,0,4,0,'2024-01-16 13:42:02',NULL,'2024-01-23 10:14:15',NULL,NULL,NULL),(336,87,'check',0,0,1,0,'2024-01-16 13:42:40',NULL,'2024-01-23 10:14:53',NULL,NULL,NULL),(337,87,'throw',0,0,2,0,'2024-01-16 13:42:40',NULL,'2024-01-23 10:14:53',NULL,NULL,NULL),(338,87,'catch',0,0,3,0,'2024-01-16 13:42:40',NULL,'2024-01-23 10:14:53',NULL,NULL,NULL),(339,87,'try',1,10,4,0,'2024-01-16 13:42:40',NULL,'2024-01-23 10:14:53',NULL,NULL,NULL),(340,88,'truetrue',0,0,1,0,'2024-01-16 13:43:22',NULL,'2024-01-26 11:10:00',NULL,NULL,NULL),(341,88,'falsefalse',1,10,2,0,'2024-01-16 13:43:22',NULL,'2024-01-26 11:10:00',NULL,NULL,NULL),(342,88,'true',0,0,3,0,'2024-01-16 13:43:22',NULL,'2024-01-26 11:10:00',NULL,NULL,NULL),(343,88,'false',0,0,4,0,'2024-01-16 13:43:22',NULL,'2024-01-26 11:10:00',NULL,NULL,NULL),(344,89,'Protected',0,0,1,0,'2024-01-16 13:43:55',NULL,'2024-01-26 11:09:58',NULL,NULL,NULL),(345,89,'Void',1,10,2,0,'2024-01-16 13:43:55',NULL,'2024-01-26 11:09:58',NULL,NULL,NULL),(346,89,'Public',0,0,3,0,'2024-01-16 13:43:55',NULL,'2024-01-26 11:09:58',NULL,NULL,NULL),(347,89,'Private',0,0,4,0,'2024-01-16 13:43:55',NULL,'2024-01-26 11:09:58',NULL,NULL,NULL),(348,90,'2 2',0,0,1,0,'2024-01-16 13:44:35',NULL,'2024-01-26 11:09:55',NULL,NULL,NULL),(349,90,'3 3',0,0,2,0,'2024-01-16 13:44:35',NULL,'2024-01-26 11:09:55',NULL,NULL,NULL),(350,90,'Runtime Error',0,0,4,0,'2024-01-16 13:44:35',NULL,'2024-01-26 11:09:55',NULL,NULL,NULL),(351,90,'Compilation Error',1,10,3,0,'2024-01-16 13:44:35',NULL,'2024-01-26 11:09:55',NULL,NULL,NULL),(352,91,'0 to 256',0,0,1,0,'2024-01-16 13:45:08',NULL,'2024-01-26 11:09:53',NULL,NULL,NULL),(353,91,'-128 to 127',0,0,2,0,'2024-01-16 13:45:08',NULL,'2024-01-26 11:09:53',NULL,NULL,NULL),(354,91,'0 to 65535',1,10,3,0,'2024-01-16 13:45:08',NULL,'2024-01-26 11:09:53',NULL,NULL,NULL),(355,91,' 0 to 32767',0,0,4,0,'2024-01-16 13:45:08',NULL,'2024-01-26 11:09:53',NULL,NULL,NULL),(356,92,'Server',0,0,1,0,'2024-01-16 13:45:45',NULL,'2024-01-26 11:09:50',NULL,NULL,NULL),(357,92,'ServerReader',0,0,2,0,'2024-01-16 13:45:45',NULL,'2024-01-26 11:09:50',NULL,NULL,NULL),(358,92,'Socket',0,0,3,0,'2024-01-16 13:45:45',NULL,'2024-01-26 11:09:50',NULL,NULL,NULL),(359,92,'ServerSocket',1,10,4,0,'2024-01-16 13:45:45',NULL,'2024-01-26 11:09:50',NULL,NULL,NULL),(360,93,'4 6.4',1,10,1,0,'2024-01-16 13:46:22',NULL,'2024-01-26 11:09:48',NULL,NULL,NULL),(361,93,'6.4 6',0,0,2,0,'2024-01-16 13:46:22',NULL,'2024-01-26 11:09:48',NULL,NULL,NULL),(362,93,'6.4 6.4',0,0,3,0,'2024-01-16 13:46:22',NULL,'2024-01-26 11:09:48',NULL,NULL,NULL),(363,93,'6 6',0,0,4,0,'2024-01-16 13:46:22',NULL,'2024-01-26 11:09:48',NULL,NULL,NULL),(364,94,'Servlets can use the full functionality of the Java class libraries',0,0,1,0,'2024-01-16 13:47:26',NULL,'2024-01-26 11:09:45',NULL,NULL,NULL),(365,94,'Servlets execute within the address space of web server, platform independent and uses the functionality of java class libraries',1,10,2,0,'2024-01-16 13:47:26',NULL,'2024-01-26 11:09:45',NULL,NULL,NULL),(366,94,'Servlets execute within the address space of web server',0,0,3,0,'2024-01-16 13:47:26',NULL,'2024-01-26 11:09:45',NULL,NULL,NULL),(367,94,'Servlets are platform-independent because they are written in java',0,0,4,0,'2024-01-16 13:47:26',NULL,'2024-01-26 11:09:45',NULL,NULL,NULL),(368,48,'Event delegation',1,10,1,0,NULL,NULL,'2024-01-23 10:01:21',NULL,NULL,NULL),(369,47,'Some of the features of JavaScript are:\n\nLightweight\nInterpreted programming language\nGood for the applications which are network-centric\nComplementary to Java\nComplementary to HTML\nOpen source\nCross-platform',1,10,1,0,NULL,NULL,'2024-01-26 11:09:12',NULL,NULL,NULL),(372,50,'null',1,5,5,0,NULL,NULL,'2024-01-23 10:02:03',NULL,NULL,NULL),(373,50,'typeof',1,5,6,0,NULL,NULL,'2024-01-23 10:02:03',NULL,NULL,NULL),(375,21,'ReactDOM.findDOMNode()',0,0,4,0,NULL,NULL,'2024-01-23 09:48:01',NULL,NULL,NULL),(376,52,'None of above.',0,0,5,0,NULL,NULL,'2024-01-23 10:03:24',NULL,NULL,NULL),(377,95,'Some of the advantages of JavaScript are:\n\nServer interaction is less\nFeedback to the visitors is immediate\nInteractivity is high\nInterfaces are richer',1,10,1,0,'2024-01-23 10:07:52',NULL,'2024-01-26 11:09:42',NULL,NULL,NULL),(378,96,'Structured Question Language',0,0,1,0,'2024-01-29 14:29:46',NULL,NULL,NULL,NULL,NULL),(379,96,'Strong Question Language',0,0,2,0,'2024-01-29 14:29:46',NULL,NULL,NULL,NULL,NULL),(380,96,'Structured Query Language  ',1,10,3,0,'2024-01-29 14:29:46',NULL,NULL,NULL,NULL,NULL),(381,97,'EXTRACT',0,0,1,0,'2024-01-29 14:32:43',NULL,NULL,NULL,NULL,NULL),(382,97,'OPEN',0,0,2,0,'2024-01-29 14:32:43',NULL,NULL,NULL,NULL,NULL),(383,97,'SELECT  ',1,10,3,0,'2024-01-29 14:32:43',NULL,NULL,NULL,NULL,NULL),(384,97,'GET',0,0,4,0,'2024-01-29 14:32:43',NULL,NULL,NULL,NULL,NULL),(385,98,'MODIFY',0,0,1,0,'2024-01-29 14:33:18',NULL,NULL,NULL,NULL,NULL),(386,98,'SAVE',0,0,2,0,'2024-01-29 14:33:18',NULL,NULL,NULL,NULL,NULL),(387,98,'UPDATE',1,10,3,0,'2024-01-29 14:33:18',NULL,NULL,NULL,NULL,NULL),(388,98,'SAVE AS',0,0,4,0,'2024-01-29 14:33:18',NULL,NULL,NULL,NULL,NULL),(389,99,'COLLAPSE',0,0,1,0,'2024-01-29 14:33:59',NULL,NULL,NULL,NULL,NULL),(390,99,'DELETE ',1,10,2,0,'2024-01-29 14:33:59',NULL,NULL,NULL,NULL,NULL),(391,99,'REMOVE',0,0,3,0,'2024-01-29 14:33:59',NULL,NULL,NULL,NULL,NULL),(392,100,'ADD RECORD',0,0,1,0,'2024-01-29 14:34:36',NULL,NULL,NULL,NULL,NULL),(393,100,'INSERT NEW',0,0,2,0,'2024-01-29 14:34:36',NULL,NULL,NULL,NULL,NULL),(394,100,'ADD NEW',0,0,3,0,'2024-01-29 14:34:36',NULL,NULL,NULL,NULL,NULL),(395,100,'INSERT INTO ',1,10,4,0,'2024-01-29 14:34:36',NULL,NULL,NULL,NULL,NULL),(396,101,'EXTRACT FirstName FROM Persons',0,0,1,0,'2024-01-29 14:35:24',NULL,NULL,NULL,NULL,NULL),(397,101,'SELECT Persons.FirstName',0,0,2,0,'2024-01-29 14:35:24',NULL,NULL,NULL,NULL,NULL),(398,102,'EXTRACT FirstName FROM Persons',0,0,1,0,'2024-01-29 14:35:42',NULL,NULL,NULL,NULL,NULL),(399,102,'SELECT Persons.FirstName',0,0,2,0,'2024-01-29 14:35:42',NULL,NULL,NULL,NULL,NULL),(400,103,'EXTRACT FirstName FROM Persons',0,0,1,0,'2024-01-29 14:37:31',NULL,NULL,NULL,NULL,NULL),(401,103,'SELECT Persons.FirstName',0,0,2,0,'2024-01-29 14:37:31',NULL,NULL,NULL,NULL,NULL),(402,103,'SELECT FirstName FROM Persons  ',1,10,3,0,'2024-01-29 14:37:31',NULL,NULL,NULL,NULL,NULL),(403,103,'all correct',0,0,4,0,'2024-01-29 14:37:31',NULL,NULL,NULL,NULL,NULL),(404,104,'SELECT * FROM Persons  ',1,10,1,0,'2024-01-29 14:38:04',NULL,NULL,NULL,NULL,NULL),(405,104,'SELECT Persons',0,0,2,0,'2024-01-29 14:38:04',NULL,NULL,NULL,NULL,NULL),(406,104,'SELECT [all] FROM Persons',0,0,3,0,'2024-01-29 14:38:04',NULL,NULL,NULL,NULL,NULL),(407,104,'SELECT *.Persons',0,0,4,0,'2024-01-29 14:38:04',NULL,NULL,NULL,NULL,NULL),(408,105,'SELECT * FROM Persons WHERE FirstName<>\'Peter\'',0,0,1,0,'2024-01-29 14:38:45',NULL,NULL,NULL,NULL,NULL),(409,105,'SELECT [all] FROM Persons WHERE FirstName=\'Peter\'',0,0,2,0,'2024-01-29 14:38:45',NULL,NULL,NULL,NULL,NULL),(410,105,'SELECT [all] FROM Persons WHERE FirstName LIKE \'Peter\'',0,0,3,0,'2024-01-29 14:38:45',NULL,NULL,NULL,NULL,NULL),(411,105,'SELECT * FROM Persons WHERE FirstName=\'Peter\'  ',1,10,4,0,'2024-01-29 14:38:45',NULL,NULL,NULL,NULL,NULL),(412,106,'SELECT * FROM Persons WHERE FirstName=\'%a%\'',0,0,1,0,'2024-01-29 14:39:31',NULL,NULL,NULL,NULL,NULL),(413,106,'SELECT * FROM Persons WHERE FirstName LIKE \'%a\'',0,0,2,0,'2024-01-29 14:39:31',NULL,NULL,NULL,NULL,NULL),(414,106,'SELECT * FROM Persons WHERE FirstName LIKE \'a%\'  ',1,10,3,0,'2024-01-29 14:39:31',NULL,NULL,NULL,NULL,NULL),(415,106,'SELECT * FROM Persons WHERE FirstName=\'a\'',0,0,4,0,'2024-01-29 14:39:31',NULL,NULL,NULL,NULL,NULL),(416,107,'False',0,0,1,0,'2024-01-29 14:40:04',NULL,NULL,NULL,NULL,NULL),(417,107,'True ',1,10,2,0,'2024-01-29 14:40:04',NULL,NULL,NULL,NULL,NULL),(418,107,'1',0,0,3,0,'2024-01-29 14:40:04',NULL,NULL,NULL,NULL,NULL),(419,107,'0',0,0,4,0,'2024-01-29 14:40:04',NULL,NULL,NULL,NULL,NULL),(420,108,'SELECT * FROM Persons WHERE FirstName<>\'Peter\' AND LastName<>\'Jackson\'',0,0,1,0,'2024-01-29 14:40:51',NULL,NULL,NULL,NULL,NULL),(421,108,'SELECT FirstName=\'Peter\', LastName=\'Jackson\' FROM Persons',0,0,2,0,'2024-01-29 14:40:51',NULL,NULL,NULL,NULL,NULL),(422,108,'SELECT * FROM Persons WHERE FirstName=\'Peter\' AND LastName=\'Jackson\'  ',1,10,3,0,'2024-01-29 14:40:51',NULL,NULL,NULL,NULL,NULL),(423,108,'SELECT * FROM Persons WHERE FirstName=\'Peter\' AND LastName<>\'Jackson\'  ',0,0,4,0,'2024-01-29 14:40:51',NULL,NULL,NULL,NULL,NULL),(424,109,'SELECT LastName>\'Hansen\' AND LastName<\'Pettersen\' FROM Persons',0,0,1,0,'2024-01-29 14:41:29',NULL,NULL,NULL,NULL,NULL),(425,109,'SELECT LastName>=\'Hansen\' AND LastName<=\'Pettersen\' FROM Persons',0,0,2,0,'2024-01-29 14:41:29',NULL,NULL,NULL,NULL,NULL),(426,109,'SELECT * FROM Persons WHERE LastName BETWEEN \'Hansen\' AND \'Pettersen\'  ',1,10,3,0,'2024-01-29 14:41:29',NULL,NULL,NULL,NULL,NULL),(427,109,'SELECT * FROM Persons WHERE LastName>\'Hansen\' AND LastName<\'Pettersen\'',0,0,4,0,'2024-01-29 14:41:29',NULL,NULL,NULL,NULL,NULL),(428,110,'SELECT DISTINCT  ',1,10,1,0,'2024-01-29 14:42:15',NULL,NULL,NULL,NULL,NULL),(429,110,'SELECT UNIQUE',0,0,2,0,'2024-01-29 14:42:15',NULL,NULL,NULL,NULL,NULL),(430,110,'SELECT DIFFERENT',0,0,3,0,'2024-01-29 14:42:15',NULL,NULL,NULL,NULL,NULL),(431,110,'All correct',0,0,4,0,'2024-01-29 14:42:15',NULL,NULL,NULL,NULL,NULL),(432,111,'SORT BY',0,0,1,0,'2024-01-29 14:42:49',NULL,NULL,NULL,NULL,NULL),(433,111,'ORDER BY ',1,10,2,0,'2024-01-29 14:42:49',NULL,NULL,NULL,NULL,NULL),(434,111,'SORT',0,0,3,0,'2024-01-29 14:42:49',NULL,NULL,NULL,NULL,NULL),(435,111,'ORDER',0,0,4,0,'2024-01-29 14:42:49',NULL,NULL,NULL,NULL,NULL),(436,112,'SELECT * FROM Persons ORDER FirstName DESC',0,0,1,0,'2024-01-29 14:43:21',NULL,NULL,NULL,NULL,NULL),(437,112,'SELECT * FROM Persons SORT \'FirstName\' DESC',0,0,2,0,'2024-01-29 14:43:21',NULL,NULL,NULL,NULL,NULL),(438,112,'SELECT * FROM Persons ORDER BY FirstName DESC  ',1,10,3,0,'2024-01-29 14:43:21',NULL,NULL,NULL,NULL,NULL),(439,112,'SELECT * FROM Persons SORT BY \'FirstName\' DESC',0,0,4,0,'2024-01-29 14:43:21',NULL,NULL,NULL,NULL,NULL),(440,113,'INSERT INTO Persons VALUES (\'Jimmy\', \'Jackson\')  ',1,10,1,0,'2024-01-29 14:44:03',NULL,NULL,NULL,NULL,NULL),(441,113,'INSERT (\'Jimmy\', \'Jackson\') INTO Persons',0,0,2,0,'2024-01-29 14:44:03',NULL,NULL,NULL,NULL,NULL),(442,113,'INSERT VALUES (\'Jimmy\', \'Jackson\') INTO Persons',0,0,3,0,'2024-01-29 14:44:03',NULL,NULL,NULL,NULL,NULL),(443,113,'All correct',0,0,4,0,'2024-01-29 14:44:03',NULL,NULL,NULL,NULL,NULL),(444,114,'INSERT INTO Persons (LastName) VALUES (\'Olsen\')  ',0,0,1,0,'2024-01-29 14:44:39',NULL,NULL,NULL,NULL,NULL),(445,114,'INSERT INTO Persons (\'Olsen\') INTO LastName',0,0,2,0,'2024-01-29 14:44:39',NULL,NULL,NULL,NULL,NULL),(446,114,'INSERT (\'Olsen\') INTO Persons (LastName)',0,0,3,0,'2024-01-29 14:44:39',NULL,NULL,NULL,NULL,NULL),(447,114,'All correct',0,0,4,0,'2024-01-29 14:44:39',NULL,NULL,NULL,NULL,NULL),(448,115,'MODIFY Persons SET LastName=\'Nilsen\' WHERE LastName=\'Hansen\'  ',0,0,1,0,'2024-01-29 14:45:10',NULL,NULL,NULL,NULL,NULL),(449,115,'MODIFY Persons SET LastName=\'Hansen\' INTO LastName=\'Nilsen',0,0,2,0,'2024-01-29 14:45:10',NULL,NULL,NULL,NULL,NULL),(450,115,'UPDATE Persons SET LastName=\'Hansen\' INTO LastName=\'Nilsen\'',0,0,3,0,'2024-01-29 14:45:10',NULL,NULL,NULL,NULL,NULL),(451,115,'UPDATE Persons SET LastName=\'Nilsen\' WHERE LastName=\'Hansen\'  ',1,10,4,0,'2024-01-29 14:45:10',NULL,NULL,NULL,NULL,NULL),(452,116,'DELETE FirstName=\'Peter\' FROM Persons',0,0,1,0,'2024-01-29 14:47:28',NULL,NULL,NULL,NULL,NULL),(453,116,'DELETE FROM Persons WHERE FirstName = \'Peter\'  ',1,10,2,0,'2024-01-29 14:47:28',NULL,NULL,NULL,NULL,NULL),(454,116,'DELETE ROW FirstName=\'Peter\' FROM Persons',0,0,3,0,'2024-01-29 14:47:28',NULL,NULL,NULL,NULL,NULL),(455,116,'All correct',0,0,4,0,'2024-01-29 14:47:28',NULL,NULL,NULL,NULL,NULL),(457,118,'SELECT NO(*) FROM Persons',0,0,1,0,'2024-01-29 14:48:12',NULL,'2024-01-29 15:47:55',NULL,NULL,NULL),(458,119,'SELECT NO(*) FROM Persons',0,0,1,0,'2024-01-29 14:48:50',NULL,NULL,NULL,NULL,NULL),(459,119,'SELECT COUNT(*) FROM Persons  ',1,10,2,0,'2024-01-29 14:48:50',NULL,NULL,NULL,NULL,NULL),(460,119,'SELECT COLUMNS(*) FROM Persons',0,0,3,0,'2024-01-29 14:48:50',NULL,NULL,NULL,NULL,NULL),(461,119,'SELECT LEN(*) FROM Persons',0,0,4,0,'2024-01-29 14:48:50',NULL,NULL,NULL,NULL,NULL),(462,120,'INNER JOIN  ',1,10,1,0,'2024-01-29 14:49:20',NULL,NULL,NULL,NULL,NULL),(463,120,'JOINED',0,0,2,0,'2024-01-29 14:49:20',NULL,NULL,NULL,NULL,NULL),(464,120,'JOINED TABLE',0,0,3,0,'2024-01-29 14:49:20',NULL,NULL,NULL,NULL,NULL),(465,120,'INSIDE JOIN',0,0,4,0,'2024-01-29 14:49:20',NULL,NULL,NULL,NULL,NULL),(466,121,'RANGE',0,0,1,0,'2024-01-29 14:49:51',NULL,NULL,NULL,NULL,NULL),(467,121,'WITHIN',0,0,2,0,'2024-01-29 14:49:51',NULL,NULL,NULL,NULL,NULL),(468,121,'BETWEEN    ',1,10,3,0,'2024-01-29 14:49:51',NULL,NULL,NULL,NULL,NULL),(469,121,'AND',0,0,4,0,'2024-01-29 14:49:51',NULL,NULL,NULL,NULL,NULL),(470,122,'1',0,0,1,0,'2024-01-29 14:50:21',NULL,NULL,NULL,NULL,NULL),(471,122,'True    ',1,10,2,0,'2024-01-29 14:50:21',NULL,NULL,NULL,NULL,NULL),(472,122,'0',0,0,3,0,'2024-01-29 14:50:21',NULL,NULL,NULL,NULL,NULL),(473,122,'False',0,0,4,0,'2024-01-29 14:50:21',NULL,NULL,NULL,NULL,NULL),(474,123,'LIKE    ',1,10,1,0,'2024-01-29 14:51:01',NULL,NULL,NULL,NULL,NULL),(475,123,'FROM',0,0,2,0,'2024-01-29 14:51:01',NULL,NULL,NULL,NULL,NULL),(476,123,'GET',0,0,3,0,'2024-01-29 14:51:01',NULL,NULL,NULL,NULL,NULL),(477,123,'SELECT',0,0,4,0,'2024-01-29 14:51:01',NULL,NULL,NULL,NULL,NULL),(478,124,'CREATE DATABASE TABLE Customers',0,0,1,0,'2024-01-29 14:51:54',NULL,NULL,NULL,NULL,NULL),(479,124,'CREATE DATABASE TAB Customers',0,0,2,0,'2024-01-29 14:51:54',NULL,NULL,NULL,NULL,NULL),(480,124,'CREATE DB Customers',0,0,3,0,'2024-01-29 14:51:54',NULL,NULL,NULL,NULL,NULL),(481,124,'CREATE TABLE Customers  ',1,10,4,0,'2024-01-29 14:51:54',NULL,NULL,NULL,NULL,NULL),(482,118,'SELECT COLUMNS(*) FROM Persons',0,0,2,0,NULL,NULL,'2024-01-29 15:47:55',NULL,NULL,NULL),(483,118,'SELECT COUNT(*) FROM Persons  ',1,10,3,0,NULL,NULL,'2024-01-29 15:47:55',NULL,NULL,NULL),(484,118,'SELECT LEN(*) FROM Persons',0,0,4,0,NULL,NULL,'2024-01-29 15:47:55',NULL,NULL,NULL);
/*!40000 ALTER TABLE `tb_excan_answer` ENABLE KEYS */;
UNLOCK TABLES;

--
-- Table structure for table `tb_excan_candidate`
--

DROP TABLE IF EXISTS `tb_excan_candidate`;
/*!40101 SET @saved_cs_client     = @@character_set_client */;
/*!50503 SET character_set_client = utf8mb4 */;
CREATE TABLE `tb_excan_candidate` (
  `ID` int(11) NOT NULL AUTO_INCREMENT,
  `NAME` varchar(255) NOT NULL,
  `BIRTHDAY` datetime NOT NULL,
  `EMAIL` varchar(255) CHARACTER SET latin1 COLLATE latin1_swedish_ci NOT NULL,
  `PHONE` varchar(255) CHARACTER SET latin1 COLLATE latin1_swedish_ci NOT NULL,
  `ADDRESS` varchar(255) NOT NULL,
  `AVATAR` varchar(255) DEFAULT NULL,
  `DESCRIPTION` varchar(255) DEFAULT NULL,
  `LINK_REFER` varchar(500) CHARACTER SET latin1 COLLATE latin1_swedish_ci DEFAULT NULL COMMENT 'Source',
  `POSITION` int(11) DEFAULT 0,
  `DEPARTMENT` int(11) DEFAULT 0,
  `UNIVERSITY` int(11) DEFAULT 0,
  `EXPERIENCE` varchar(1000) DEFAULT NULL,
  `YEAR_OF_EXPERIENCE` int(11) DEFAULT 0,
  `EXPECT_SALARY` varchar(100) DEFAULT NULL,
  `EXPECT_START_DATE` datetime DEFAULT NULL,
  `INTERVIEW_DATE` datetime DEFAULT NULL,
  `INTERVIEWER` int(11) DEFAULT 0,
  `INTERVIEW_RESULT` int(11) DEFAULT 0,
  `CREATE_AT` datetime DEFAULT NULL,
  `CREATE_BY` varchar(11) CHARACTER SET latin1 COLLATE latin1_swedish_ci DEFAULT NULL,
  `UPDATE_AT` datetime DEFAULT NULL,
  `UPDATE_BY` varchar(11) CHARACTER SET latin1 COLLATE latin1_swedish_ci DEFAULT NULL,
  `DELETE_AT` datetime DEFAULT NULL,
  `STATUS` int(11) DEFAULT NULL,
  `LINK_CV` varchar(255) DEFAULT NULL,
  PRIMARY KEY (`ID`)
) ENGINE=InnoDB AUTO_INCREMENT=69 DEFAULT CHARSET=utf8mb4 COLLATE=utf8mb4_general_ci;
/*!40101 SET character_set_client = @saved_cs_client */;

--
-- Dumping data for table `tb_excan_candidate`
--

LOCK TABLES `tb_excan_candidate` WRITE;
/*!40000 ALTER TABLE `tb_excan_candidate` DISABLE KEYS */;
INSERT INTO `tb_excan_candidate` VALUES (1,'Vu Vn Huy','1997-04-09 07:00:00','huyvu@posco.net','039-670-3255','140/11 Bnh Quoi, 27 Ward, Binh Thanh district','Candidate/1706495706657_huyvv.png','aaaaaa','https://topdev.vn/',119,114,16,'',NULL,'',NULL,'2024-01-03 03:24:00',102,NULL,'2023-12-14 00:00:00','202266','2024-01-29 09:35:08','202266',NULL,6,''),(3,'Kieu Tuan Vu','1997-04-09 07:00:00','kieuvu994@gmail.com','0947009497','097-374-7294','/Candidate/1706495392607_vukt.png','1234 dsda ds','https://topdev.vn/',122,114,NULL,'',NULL,'',NULL,'2024-01-10 05:00:00',NULL,NULL,'2024-01-02 00:00:00','202266','2024-01-29 09:30:09','202266',NULL,6,''),(4,'Nguyen Hoang Khang','1997-04-09 07:00:00','hoangkhang@posco.net','032-886-5658','Binh Thanh','Candidate/1706495749137_khangnh2.png','1234','https://topdev.vn/',122,114,NULL,'',NULL,'',NULL,'2024-01-10 05:00:00',NULL,NULL,'2024-01-03 00:00:00','202266','2024-01-29 09:35:50','202266',NULL,6,''),(5,'Pham Huynh Tien Dat','1997-04-09 07:00:00','datpham@posco.net','082-235-6374','87/1A Banh Van Tran, P7, Q. Tan Binh, TP.HCM ','Candidate/1706495772083_tiendat.png','1234','https://topdev.vn/',122,114,NULL,'',NULL,'',NULL,'2024-01-10 05:00:00',NULL,NULL,'2023-12-24 00:00:00','202266','2024-01-29 09:36:23','202266',NULL,6,''),(6,'Huynh Xuan An','1997-04-09 00:00:00','anhuynh@posco.net','093-302-2662','TP.HCM','Candidate/1706509508605_anhx.png','1234','https://topdev.vn/',122,114,NULL,'',NULL,'',NULL,'2024-01-24 05:00:00',NULL,NULL,'2023-11-14 00:00:00','202266','2024-01-29 06:25:10','202266',NULL,6,'Candidate/1706508709184_undefined'),(7,'Nguyen Gia Nguyen','1997-04-09 07:00:00','gianguyen@posco.net','094-567-9701','TP.HCM','/Candidate/1706497317404_nguyenng.png','1234','https://topdev.vn/',122,114,NULL,'',NULL,'',NULL,'2024-01-10 05:00:00',NULL,NULL,'2023-12-09 00:00:00','202266','2024-01-29 10:01:58','202266',NULL,6,''),(8,'Nguyen Nam Hung','1997-04-09 00:00:00','hungnguyen@posco.net','032-901-2603','TP.HCM','Candidate/1706495882123_hungnn.png','1234','https://topdev.vn/',122,114,NULL,'',NULL,'',NULL,'2024-01-24 05:00:00',NULL,NULL,'2023-12-14 00:00:00','202266','2024-01-29 06:12:44','202266',NULL,6,''),(9,'Pham Phu Thuong','1997-04-09 07:00:00','pp.thuong@posco.net','078-528-7784','123','Candidate/1706495895364_20230720_135028.jpg','1234','https://topdev.vn/',122,114,NULL,'',NULL,'',NULL,'2024-01-10 05:00:00',NULL,NULL,'2023-12-24 00:00:00','202266','2024-01-29 09:38:16','202266',NULL,6,''),(10,'Le Van Chien','1997-04-09 07:00:00','chienle@posco.net','097-109-9840','TP.HCM ','Candidate/1706495917105_Untitled.png','1234','https://topdev.vn/',122,114,NULL,'',NULL,'',NULL,'2024-01-10 05:00:00',NULL,NULL,'2023-11-14 00:00:00','202266','2024-01-29 09:38:38','202266',NULL,6,''),(11,'Nguyen Van Vuong','1994-10-03 07:00:00','vuong.nguyenvan@posco.net','077-540-0748','S 9 Bnh Ph, P.10, Q.6, TP.HCM','Candidate/1706495937499_nguyen van vuong.jpg','1234','https://topdev.vn/',122,114,NULL,'',NULL,'',NULL,'2024-01-10 05:00:00',NULL,NULL,'2023-11-14 00:00:00','202266','2024-01-29 09:38:58','202266',NULL,6,''),(12,'Le Hai Trieu','2000-01-15 07:00:00','trieu.lehai@posco.net','096-885-0628','465/18 Nguyn Vn Cng, phng 3, qun G Vp, TP.HCM','Candidate/1706495958922_LeHaiTrieu.jpg','1234','https://topdev.vn/',122,114,NULL,'',NULL,'',NULL,'2024-01-10 05:00:00',NULL,NULL,'2023-11-14 00:00:00','202266','2024-01-29 09:39:20','202266',NULL,6,''),(13,'Nguyen Hoang Hung','1997-04-09 07:00:00','nh.hung724@posco.net','094-434-5096','101/29B Khu ph 6, phng Tn Mai, Bin Ha, ng Nai ','Candidate/1706495972000_hoang hung.png','1234','https://topdev.vn/',122,114,NULL,'',NULL,'',NULL,'2024-01-24 15:30:00',NULL,NULL,'2023-11-14 00:00:00','202266','2024-01-29 09:39:33','202266',NULL,6,''),(14,'Ho Minh Duong','1996-12-31 07:00:00','duong.hominh@posco.net','093-507-3875','s 1 ng s 4, khu ph 5, TP. Th c, TP.HCM','Candidate/1706496022394_DuongHM.jpg','1234','https://topdev.vn/',122,114,NULL,'',NULL,'',NULL,'2024-01-10 05:00:00',NULL,NULL,'2024-01-04 00:00:00','202266','2024-01-29 09:40:23','202266',NULL,6,''),(15,'Le Xuan Minh ','1986-05-29 07:00:00','minh.lexuan@posco.net','097-372-5650','654/6 Lc Long Qun P.9, Q. Tn Bnh, TP.HCM','Candidate/1706496055275_Le Xuan Minh.jpg','1234','https://topdev.vn/',122,114,NULL,'',NULL,'',NULL,'2024-01-10 05:00:00',NULL,NULL,'2024-01-04 00:00:00','202266','2024-01-29 09:41:04','202266',NULL,6,''),(16,'Nguyen Chung Phat','1996-04-11 07:00:00','phat.nguyenchung@posco.net','098-537-1269','70C Trn nh Xu, phng C Giang, qun 1, thnh ph H Ch Minh','Candidate/1706496139365_NguyenChungPhat.jpg','1234','https://topdev.vn/',122,114,NULL,'',NULL,'',NULL,'2024-01-17 15:30:00',NULL,NULL,'2024-01-04 00:00:00','202266','2024-01-29 09:42:20','202266',NULL,6,''),(37,'Choi Min Seok','1992-02-01 00:00:00','alstjr0319@posco.net','033-479-1330','An Ph','Candidate/1706497408166_mrChoi.png','','',122,114,NULL,'',NULL,'','2024-01-25 07:57:41','2024-01-25 09:13:46',103,NULL,'2024-01-25 07:58:30','202266','2024-01-29 06:31:32','202266',NULL,6,'Candidate/1706509892960_POSCO DX VIETNAM CO., LTD STAFF ORGANIZATION_2023.12 Pic.pdf'),(38,'Nguyen Quoc Viet','1996-06-16 07:00:00','nguyenquocviet@posco.net','098-521-9374','Li Thiu, Thun An, Bnh Dng','Candidate/1706495679846_IAmSorry.png','rwerwrgf gdg fdg ','',122,114,NULL,'',NULL,'','2024-01-25 09:41:30','2023-12-12 09:42:27',103,NULL,'2024-01-25 09:41:47','202266','2024-01-29 09:34:41','202266',NULL,4,''),(39,'Vo Thi Hue Duyen','1995-09-11 07:00:00','duyen.vothihue@posco.net','098-537-1269','967/33/7 Trn Xun Son, phng Tn Hng, qun 7, thnh ph H Ch Minh','Candidate/1706495470956_Vo Thi Hue Duyen.jpg','','',122,114,NULL,'',NULL,'','2024-01-25 10:26:44','2024-01-26 13:24:01',103,NULL,'2024-01-25 10:26:54','202266','2024-01-29 09:31:13','202266',NULL,6,''),(41,'Tran Trung Thien','1996-06-01 07:00:00','tt.thien@posco.net','038-681-5198','10 ng s 9, P.11, Q.6, TP.HCM ','Candidate/1706497637325_trung thien.png','','',122,114,NULL,'',NULL,'','2024-01-29 00:17:06',NULL,NULL,NULL,'2024-01-29 00:19:11','202266','2024-01-29 10:07:18','202266',NULL,6,''),(42,'Phm Ph Thng','2024-01-29 07:00:00','pp.thuong@posco.net','078-528-7784','35/18A ng s 11, KP3, P. Linh Chiu, TP. Th c, TP.HCMs','//Candidate/1706497654590_20230720_135028.jpg','','',122,114,NULL,'',NULL,'','2024-01-29 00:19:34','2024-01-29 11:07:00',NULL,NULL,'2024-01-29 00:20:19','202266','2024-01-29 10:07:45','202266',NULL,6,''),(43,'Le Van Chien','1996-09-05 00:00:00','chienle@posco.net','097-109-9840','53/2/5 ng s 12, phng Hip Bnh Chnh, qun Th c, TP.HCM ','Candidate/1706509537622_Untitled.png','','',122,114,NULL,'',NULL,'','2024-01-29 00:20:48',NULL,NULL,NULL,'2024-01-29 00:21:36','202266','2024-01-29 06:25:39','202266',NULL,6,''),(44,'Nguyen Hoang Long','2000-03-14 07:00:00','nh.long@posco.net','084-336-6686','39/58 Tng Nhn Ph A, TP. Th c, TP.HCM','Candidate/1706498642372_hoang long.jpg','','',122,114,NULL,'',NULL,'','2024-01-29 00:21:47',NULL,NULL,NULL,'2024-01-29 00:22:20','202266','2024-01-29 10:24:04','202266',NULL,6,''),(45,'Nguyen Anh Toan','2001-02-07 07:00:00','anhtoan@posco.net','076-821-3624','364 L Vn Lng, P. Tn Hng, Q7, TP.HCM','Candidate/1706498665487_ANH TOAN.png','','',122,114,NULL,'',NULL,'','2024-01-29 00:22:34',NULL,NULL,NULL,'2024-01-29 00:23:01','202266','2024-01-29 10:24:27','202266',NULL,6,''),(46,'Nguyen Minh Tri','1997-09-04 07:00:00','minhtri@posco.net','094-700-9497','153 L Thng Kit, P.7, Q.11, TP.HCM','Candidate/1706498684071_Tri.jpg','','',122,114,NULL,'',NULL,'','2024-01-29 00:23:23',NULL,NULL,NULL,'2024-01-29 00:24:03','202266','2024-01-29 10:24:45','202266',NULL,6,''),(47,'Nguyen Hoai Son','1996-09-15 07:00:00','hoaison@posco.net','039-854-7285','Bnh Giao, Thun Giao, Bnh Dng ','Candidate/1706498705781_SON.png','','',122,114,NULL,'',NULL,'','2024-01-29 00:24:10',NULL,NULL,NULL,'2024-01-29 00:24:38','202266','2024-01-29 10:25:08','202266',NULL,6,''),(48,'Tran Xuan Long','1996-03-31 07:00:00','xuanlong@posco.net','039-757-8621','170 Phm Ng Lo, Q. G Vp, TP.HCM ','Candidate/1706498724732_xuan long.png','','',122,114,NULL,'',NULL,'','2024-01-29 00:24:52',NULL,NULL,NULL,'2024-01-29 00:25:28','202266','2024-01-29 10:25:26','202266',NULL,6,''),(49,'Nguyen Viet Hai','1993-06-23 07:00:00','viethai@posco.net','083-399-9693','212/36 P. Tn nh, Q.1, TP.HCM','/Candidate/1706497359652_HAI.png','','',122,114,NULL,'',NULL,'','2024-01-29 00:25:32','2024-01-29 03:53:00',NULL,NULL,'2024-01-29 00:26:29','202266','2024-01-29 10:02:40','202266',NULL,6,''),(50,'Nguyen Duc Nghia','2024-01-29 07:00:00','ducnghia@posco.net','098-972-0467','303 Dng Qung Hm, P.6, G Vp, TP.HCM','Candidate/1706498758244_q2.JPG','','',122,114,NULL,'',NULL,'','2024-01-29 00:26:45',NULL,NULL,NULL,'2024-01-29 00:27:25','202266','2024-01-29 10:25:59','202266',NULL,6,''),(51,'Le Viet Hoan','2002-08-29 07:00:00','viethoan@posco.net','094-771-0145','Ch Bnh Triu, Hip Bnh Chnh, Th c, TP.HCM','Candidate/1706498776985_hoan.png','','',122,114,NULL,'',NULL,'','2024-01-29 00:27:36',NULL,NULL,NULL,'2024-01-29 00:28:04','202266','2024-01-29 10:26:18','202266',NULL,6,''),(52,'Dinh Viet Hao','2001-09-15 07:00:00','viethao@posco.net','079-311-1038','610 ng Lin Phng, TP. Th c, TP.HCM','Candidate/1706498791414_HAO.png','','',122,114,NULL,'',NULL,'','2024-01-29 00:28:13',NULL,NULL,NULL,'2024-01-29 00:28:44','202266','2024-01-29 10:26:32','202266',NULL,6,''),(53,'Le Minh','1993-02-17 00:00:00','minh.le@posco.net','090-149-6630','1235/50 Hong Sa, P.5, Q. Tn Bnh, TP.HCM','Candidate/1706509563380_MINH.png','','',122,114,NULL,'',NULL,'','2024-01-29 00:29:01',NULL,NULL,NULL,'2024-01-29 00:29:31','202266','2024-01-29 06:26:04','202266',NULL,6,''),(54,'Le Tran Nhat','1992-07-10 00:00:00','nhatle@posco.net','096-877-4360','85/38/37 TX52, P. Thnh Xun, Q.12, TP HCM','Candidate/1706509621228_nhat.png','','',122,114,NULL,'',NULL,'','2024-01-29 00:29:42',NULL,NULL,NULL,'2024-01-29 00:30:11','202266','2024-01-29 06:27:02','202266',NULL,6,''),(55,'Nguyen Van Hung ','1989-01-12 00:00:00','nvhung@posco.net','097-348-4306','256/74, ng lin khu 4-5, P. Bnh Hng Ha B, Q. Bnh Tn, TP.HCM','Candidate/1706509637550_hung.png','','',122,114,NULL,'',NULL,'','2024-01-29 00:30:20',NULL,NULL,NULL,'2024-01-29 00:30:58','202266','2024-01-29 06:27:18','202266',NULL,6,''),(56,'Nguyen Huu Thien ','1994-03-30 07:00:00','nh.thien@posco.net','094-153-1739','23 Bnh Thi, Q11, TP.HCM ','//Candidate/1706496179838_THIEN.png','','',122,114,NULL,'',NULL,'','2024-01-29 00:31:07','2024-01-29 10:43:00',NULL,NULL,'2024-01-29 00:31:39','202266','2024-01-29 09:43:52','202266',NULL,6,''),(57,'Tran Van Xuan ','1990-02-18 00:00:00','vanxuan@posco.net','097-444-6482','25/15 KP2 P. Tn Chnh Hip, Q12, TP.HCM ','Candidate/1706509689843_van xuan.jpg','','',122,114,NULL,'',NULL,'','2024-01-29 00:31:52',NULL,NULL,NULL,'2024-01-29 00:32:17','202266','2024-01-29 06:28:11','202266',NULL,6,''),(58,'Nguyen Tu ','2001-02-19 07:00:00','tu.sing@posco.net','096-716-3867','4/10 160 L Xun Oai, P.Tng Nhn Ph, Tp.Th c, TP.HCM ','Candidate/1706500030057_TU.png','','',122,114,NULL,'',NULL,'','2024-01-29 00:32:29',NULL,NULL,NULL,'2024-01-29 00:32:56','202266','2024-01-29 10:47:11','202266',NULL,6,''),(59,'Huynh Nhat Lam','1998-09-04 07:00:00','hn.lam@posco.net','096-537-3279','45 Street 17, Linh Chieu Ward, Thu Duc District, Ho Chi Minh City','Candidate/1706500201739_lm.png','fdf fds fafd sf ','',122,114,NULL,'',NULL,'','2024-01-29 00:33:04',NULL,NULL,NULL,'2024-01-29 00:33:41','202266','2024-01-29 10:50:02','202266',NULL,6,''),(60,'Nguyen Ngoc Tuan','1999-01-27 07:00:00','nn.tuan@posco.net','097-372-4249','Hip Bnh Chnh, Th c, TP.HCM','Candidate/1706500245971_TUAN.png','','',122,114,NULL,'',NULL,'','2024-01-29 00:34:01',NULL,NULL,NULL,'2024-01-29 00:34:35','202266','2024-01-29 10:50:47','202266',NULL,6,''),(61,'Pham Hoang Nhan','2001-10-28 07:00:00','nhan.phamhoang@posco.net','089-860-7203','220 X Vit Ngh Tnh, P.21, Q. Bnh Thnh, TP.HCM ','Candidate/1706500267231_hoang nhan.jpg','','',122,114,NULL,'',NULL,'','2024-01-29 00:49:07',NULL,NULL,NULL,'2024-01-29 00:49:32','202266','2024-01-29 10:51:08','202266',NULL,6,''),(62,'Ly Phuoc Hiep','1999-12-20 07:00:00','hiep.lyphuoc@posco.net','033-545-2591','D7/185A t 7 p 4, x Phong Ph, huyn Bnh Chnh, TP. HCM','Candidate/1706500284882_Ly Phuoc Hiep.jpg','','',122,114,NULL,'',NULL,'','2024-01-29 00:49:43',NULL,NULL,NULL,'2024-01-29 00:50:05','202266','2024-01-29 10:51:26','202266',NULL,6,''),(63,'Nguyen Doan Hoang Viet','1999-07-28 07:00:00','viet.nguyendoanhoang@posco.net','090-432-1613','12/16 KP. Tn Ha, P. ng Ha, D An, Bnh Dng','Candidate/1706500319611_Hoang_Viet.jpg','','',122,114,NULL,'',NULL,'','2024-01-29 00:50:13',NULL,NULL,NULL,'2024-01-29 00:50:38','202266','2024-01-29 10:52:01','202266',NULL,6,''),(64,'Le Cam Thuy ','2021-02-10 00:00:00','thuy.lecam@posco.net','078-444-0198','765/51 X Vit Ngh Tnh, phng 26, Qun Bnh Thnh, Tp. H Ch Minh','Candidate/1706501598427_le cam thuy.jpg','','',122,114,NULL,'',NULL,'','2024-01-29 00:51:44','2024-01-29 08:49:00',NULL,NULL,'2024-01-29 00:52:34','202266','2024-01-29 04:13:21','202266',NULL,6,''),(65,'Nguyen Hoang Phi Long','2001-10-09 07:00:00','long.nguyenhoangphi@posco.net','039-876-8217','367 Nguyn X, phng 13, qun Bnh Thnh, Thnh ph H Ch Minh','/Candidate/1706497544188_Phi Long.jpg','','',122,114,NULL,'',NULL,'','2024-01-29 00:52:55','2024-01-29 08:50:00',NULL,NULL,'2024-01-29 00:53:26','202266','2024-01-29 10:05:45','202266',NULL,6,''),(66,'Nguyen Thanh Xuan','1985-01-23 07:00:00','xuan.nguyenthanh@posco.net','091-636-9306','83/74 Lin Khu 4-5, Phng Bnh Hng Ha B, Qun Bnh Tn, TP. H Ch Minh','Candidate/1706500359525_thanh xuan.jpg','','',122,114,NULL,'',NULL,'','2024-01-29 00:53:34',NULL,NULL,NULL,'2024-01-29 00:54:02','202266','2024-01-29 10:52:40','202266',NULL,6,''),(67,'Nguyen Thanh Chung','1985-06-23 07:00:00','chung.nguyenthanh@posco.net','076-613-0679','59 Dng Th Mi, phng Tn Chnh Hip, Qun 12, TP. H Ch Minh','Candidate/1706500373415_thanh chung.JPG','','',122,114,NULL,'',NULL,'','2024-01-29 00:54:14',NULL,NULL,NULL,'2024-01-29 00:54:43','202266','2024-01-29 10:52:54','202266',NULL,6,''),(68,'Nguyn Cng Thnh','1988-09-29 07:00:00','thanh.nguyencong@posco.net','098-722-7098','1882 L Thi T, p 2, Ph Thnh, Nhn Trch, ng Nai','Candidate/1706500384968_NguyenCongThanh.jpg','','',122,114,NULL,'',NULL,'','2024-01-29 00:55:01','2024-01-29 08:47:00',NULL,NULL,'2024-01-29 00:55:46','202266','2024-01-29 10:53:06','202266',NULL,6,'');
/*!40000 ALTER TABLE `tb_excan_candidate` ENABLE KEYS */;
UNLOCK TABLES;

--
-- Table structure for table `tb_excan_category`
--

DROP TABLE IF EXISTS `tb_excan_category`;
/*!40101 SET @saved_cs_client     = @@character_set_client */;
/*!50503 SET character_set_client = utf8mb4 */;
CREATE TABLE `tb_excan_category` (
  `ID` int(11) NOT NULL AUTO_INCREMENT,
  `NAME` varchar(255) DEFAULT NULL,
  `STATUS` int(11) DEFAULT NULL,
  `CREATE_AT` datetime DEFAULT NULL,
  `CREATE_BY` varchar(11) CHARACTER SET latin1 COLLATE latin1_swedish_ci DEFAULT NULL,
  `UPDATE_AT` datetime DEFAULT NULL,
  `UPDATE_BY` varchar(11) CHARACTER SET latin1 COLLATE latin1_swedish_ci DEFAULT NULL,
  `DELETE_AT` datetime DEFAULT NULL,
  PRIMARY KEY (`ID`)
) ENGINE=InnoDB AUTO_INCREMENT=9 DEFAULT CHARSET=utf8mb4 COLLATE=utf8mb4_general_ci;
/*!40101 SET character_set_client = @saved_cs_client */;

--
-- Dumping data for table `tb_excan_category`
--

LOCK TABLES `tb_excan_category` WRITE;
/*!40000 ALTER TABLE `tb_excan_category` DISABLE KEYS */;
INSERT INTO `tb_excan_category` VALUES (1,'Java Core',1,'2023-12-14 00:00:00','202260','2023-12-14 00:00:00','202260','2023-12-14 00:00:00'),(2,'Javascript',1,'2023-12-14 00:00:00','202260','2023-12-14 00:00:00','202260','2023-12-14 00:00:00'),(3,'JDBC',1,'2023-12-14 00:00:00','202260','2023-12-14 00:00:00','202260','2023-12-14 00:00:00'),(5,'ReactJS',1,'2023-12-14 00:00:00','202260','2023-12-14 00:00:00','202260','2023-12-14 00:00:00'),(6,'C/C++',1,'2023-12-14 00:00:00','202260','2023-12-14 00:00:00','202260','2023-12-14 00:00:00'),(7,'SQL',1,'2023-12-14 00:00:00','202260','2023-12-14 00:00:00','202260','2023-12-14 00:00:00'),(8,'Rust',0,NULL,NULL,NULL,NULL,NULL);
/*!40000 ALTER TABLE `tb_excan_category` ENABLE KEYS */;
UNLOCK TABLES;

--
-- Table structure for table `tb_excan_code_detail`
--

DROP TABLE IF EXISTS `tb_excan_code_detail`;
/*!40101 SET @saved_cs_client     = @@character_set_client */;
/*!50503 SET character_set_client = utf8mb4 */;
CREATE TABLE `tb_excan_code_detail` (
  `ID` int(11) NOT NULL AUTO_INCREMENT,
  `CODE_MASTER` varchar(15) NOT NULL,
  `NAME` varchar(200) NOT NULL,
  `DESCRIPTION` varchar(500) DEFAULT NULL,
  `CREATE_BY` varchar(11) DEFAULT NULL,
  `CREATE_AT` datetime DEFAULT NULL,
  `UPDATE_BY` varchar(11) DEFAULT NULL,
  `UPDATE_AT` datetime DEFAULT NULL,
  `DELETE_AT` datetime DEFAULT NULL,
  PRIMARY KEY (`ID`),
  KEY `FK_tb_excan_code_detail_tb_excan_code_master` (`CODE_MASTER`),
  CONSTRAINT `FK_tb_excan_code_detail_tb_excan_code_master` FOREIGN KEY (`CODE_MASTER`) REFERENCES `tb_excan_code_master` (`CODE`) ON DELETE NO ACTION ON UPDATE NO ACTION
) ENGINE=InnoDB AUTO_INCREMENT=139 DEFAULT CHARSET=utf8mb4 COLLATE=utf8mb4_general_ci ROW_FORMAT=DYNAMIC;
/*!40101 SET character_set_client = @saved_cs_client */;

--
-- Dumping data for table `tb_excan_code_detail`
--

LOCK TABLES `tb_excan_code_detail` WRITE;
/*!40000 ALTER TABLE `tb_excan_code_detail` DISABLE KEYS */;
INSERT INTO `tb_excan_code_detail` VALUES (1,'EX_UNI','Hue University of Medicine and Pharmacy',NULL,'202266','2024-01-24 14:38:28',NULL,NULL,NULL),(2,'EX_UNI','Ha Noi University of Science and Technology',NULL,'202266','2024-01-24 14:38:28',NULL,NULL,NULL),(3,'EX_UNI','Ho Chi Minh University Of Technology',NULL,'202266','2024-01-24 14:38:28',NULL,NULL,NULL),(4,'EX_UNI','Ho Chi Minh City University of Natural Sciences',NULL,'202266','2024-01-24 14:38:28',NULL,NULL,NULL),(5,'EX_UNI','FPT Polytechnic College',NULL,'202266','2024-01-24 14:38:28',NULL,NULL,NULL),(6,'EX_UNI','VNUHCM - University of Information Technology',NULL,'202266','2024-01-24 14:38:28',NULL,NULL,NULL),(7,'EX_UNI','RMIT University',NULL,'202266','2024-01-24 14:38:28',NULL,NULL,NULL),(8,'EX_UNI','Saigon University',NULL,'202266','2024-01-24 14:38:28',NULL,NULL,NULL),(9,'EX_UNI','Industrial University of Ho Chi Minh City',NULL,'202266','2024-01-24 14:38:28',NULL,NULL,NULL),(10,'EX_UNI','Ho Chi Minh City University of Technology and Education',NULL,'202266','2024-01-24 14:38:28',NULL,NULL,NULL),(11,'EX_UNI','Aix-Marseille University',NULL,'202266','2024-01-24 14:38:28',NULL,NULL,NULL),(12,'EX_UNI','Nong Lam University',NULL,'202266','2024-01-24 14:38:28',NULL,NULL,NULL),(13,'EX_UNI','Saigon Technology University',NULL,'202266','2024-01-24 14:38:28',NULL,NULL,NULL),(14,'EX_UNI','Ho Chi Minh Open University',NULL,'202266','2024-01-24 14:38:28',NULL,NULL,NULL),(15,'EX_UNI','Da Nang University of Science and Technology',NULL,'202266','2024-01-24 14:38:28',NULL,NULL,NULL),(16,'EX_UNI','FPT University',NULL,'202266','2024-01-24 14:38:28',NULL,NULL,NULL),(17,'EX_UNI','Nguyen Tat Thanh University',NULL,'202266','2024-01-24 14:38:28',NULL,NULL,NULL),(18,'EX_UNI','Ton Duc Thang University',NULL,'202266','2024-01-24 14:38:28',NULL,NULL,NULL),(19,'EX_UNI','Ho Chi Minh City University of Food Industry',NULL,'202266','2024-01-24 14:38:28',NULL,NULL,NULL),(20,'EX_UNI','Vinh University of technology education',NULL,'202266','2024-01-24 14:38:28',NULL,NULL,NULL),(21,'EX_UNI','Houston Community College',NULL,'202266','2024-01-24 14:38:28',NULL,NULL,NULL),(22,'EX_UNI','Ho Chi Minh City Open University',NULL,'202266','2024-01-24 14:38:28',NULL,NULL,NULL),(23,'EX_UNI','Hoa Sen University',NULL,'202266','2024-01-24 14:38:28',NULL,NULL,NULL),(24,'EX_UNI','Hong Bang International University',NULL,'202266','2024-01-24 14:38:28',NULL,NULL,NULL),(25,'EX_UNI','Bach Khoa University',NULL,'202266','2024-01-24 14:38:28',NULL,NULL,NULL),(26,'EX_UNI','Posts and Telecommunications Institute of Technology University',NULL,'202266','2024-01-24 14:38:28',NULL,NULL,NULL),(27,'EX_UNI','Cao Thang Technical College',NULL,'202266','2024-01-24 14:38:28',NULL,NULL,NULL),(28,'EX_UNI','Lac Hong University',NULL,'202266','2024-01-24 14:38:28',NULL,NULL,NULL),(29,'EX_UNI','FPT Aptech',NULL,'202266','2024-01-24 14:38:28',NULL,NULL,NULL),(30,'EX_UNI','Tra Vinh University',NULL,'202266','2024-01-24 14:38:28',NULL,NULL,NULL),(31,'EX_UNI','Binh Duong University',NULL,'202266','2024-01-24 14:38:28',NULL,NULL,NULL),(32,'EX_UNI','Huflit University',NULL,'202266','2024-01-24 14:38:28',NULL,NULL,NULL),(33,'EX_UNI','Vinh Long University',NULL,'202266','2024-01-24 14:38:28',NULL,NULL,NULL),(34,'EX_UNI','Dong Nai University',NULL,'202266','2024-01-24 14:38:28',NULL,NULL,NULL),(35,'EX_UNI','Agriculture University',NULL,'202266','2024-01-24 14:38:28',NULL,NULL,NULL),(36,'EX_UNI','Ho Chi Minh City University of Transport',NULL,'202266','2024-01-24 14:38:28',NULL,NULL,NULL),(37,'EX_UNI','Van Lang University',NULL,'202266','2024-01-24 14:38:28',NULL,NULL,NULL),(38,'EX_UNI','Can Tho University',NULL,'202266','2024-01-24 14:38:28',NULL,NULL,NULL),(39,'EX_UNI','Ho Chi Minh City University of Agriculture and Forestry',NULL,'202266','2024-01-24 14:38:28',NULL,NULL,NULL),(40,'EX_UNI','University of Transport and Communications',NULL,'202266','2024-01-24 14:38:28',NULL,NULL,NULL),(41,'EX_UNI','University of Agriculture & Forestry',NULL,'202266','2024-01-24 14:38:28',NULL,NULL,NULL),(42,'EX_UNI','Phan Thiet University',NULL,'202266','2024-01-24 14:38:28',NULL,NULL,NULL),(43,'EX_UNI','University of Economics Ho Chi Minh City',NULL,'202266','2024-01-24 14:38:28',NULL,NULL,NULL),(44,'EX_UNI','University of Economics and Finance',NULL,'202266','2024-01-24 14:38:28',NULL,NULL,NULL),(45,'EX_UNI','Ho Chi Minh City University of Foreign Languages and Information Technology',NULL,'202266','2024-01-24 14:38:28',NULL,NULL,NULL),(46,'EX_UNI','Ho Chi Minh City University',NULL,'202266','2024-01-24 14:38:28',NULL,NULL,NULL),(47,'EX_UNI','The University of Finland',NULL,'202266','2024-01-24 14:38:28',NULL,NULL,NULL),(48,'EX_UNI','Quy Nhon University',NULL,'202266','2024-01-24 14:38:28',NULL,NULL,NULL),(49,'EX_UNI','University Of Education Da Nang',NULL,'202266','2024-01-24 14:38:28',NULL,NULL,NULL),(50,'EX_UNI','Ho Chi Minh University of Agriculture and Forestry',NULL,'202266','2024-01-24 14:38:28',NULL,NULL,NULL),(51,'EX_UNI','FPT Greenwich',NULL,'202266','2024-01-24 14:38:28',NULL,NULL,NULL),(52,'EX_UNI','Vietnamese-German University',NULL,'202266','2024-01-24 14:38:28',NULL,NULL,NULL),(53,'EX_UNI','Saigon Technology University',NULL,'202266','2024-01-24 14:38:28',NULL,NULL,NULL),(54,'EX_UNI','International University',NULL,'202266','2024-01-24 14:38:28',NULL,NULL,NULL),(55,'EX_UNI','Hung Vuong University',NULL,'202266','2024-01-24 14:38:28',NULL,NULL,NULL),(56,'EX_UNI','University of Transport Technology',NULL,'202266','2024-01-24 14:38:28',NULL,NULL,NULL),(57,'EX_UNI','Academy Of Gryptography Techniques',NULL,'202266','2024-01-24 14:38:28',NULL,NULL,NULL),(58,'EX_UNI','Nong Lam University',NULL,'202266','2024-01-24 14:38:28',NULL,NULL,NULL),(59,'EX_UNI','Technical College Dak Lak',NULL,'202266','2024-01-24 14:38:28',NULL,NULL,NULL),(60,'EX_UNI','FPT Polytechnic College',NULL,'202266','2024-01-24 14:38:28',NULL,NULL,NULL),(61,'EX_UNI','Thu Dau Mot University',NULL,'202266','2024-01-24 14:38:28',NULL,NULL,NULL),(62,'EX_UNI','Broward College',NULL,'202266','2024-01-24 14:38:28',NULL,NULL,NULL),(63,'EX_UNI','Ho Chi Minh University of Law',NULL,'202266','2024-01-24 14:38:28',NULL,NULL,NULL),(64,'EX_UNI','Ho Chi Minh City University of Technology and Education',NULL,'202266','2024-01-24 14:38:28',NULL,NULL,NULL),(65,'EX_UNI','Far East College',NULL,'202266','2024-01-24 14:38:28',NULL,NULL,NULL),(66,'EX_UNI','Cong Thuong College (HITU)',NULL,'202266','2024-01-24 14:38:28',NULL,NULL,NULL),(67,'EX_UNI','Ho Chi Minh City University of Law',NULL,'202266','2024-01-24 14:38:28',NULL,NULL,NULL),(68,'EX_UNI','CyberSoft Academy',NULL,'202266','2024-01-24 14:38:28',NULL,NULL,NULL),(69,'EX_UNI','FPT College Ho Chi Minh',NULL,'202266','2024-01-24 14:38:28',NULL,NULL,NULL),(70,'EX_UNI','Thu Duc College of Technology',NULL,'202266','2024-01-24 14:38:28',NULL,NULL,NULL),(71,'EX_UNI','University Of Natural Resources And Environment',NULL,'202266','2024-01-24 14:38:28',NULL,NULL,NULL),(72,'EX_UNI','Dai Nam University',NULL,'202266','2024-01-24 14:38:28',NULL,NULL,NULL),(73,'EX_UNI','Thu Duc College of Technology',NULL,'202266','2024-01-24 14:38:28',NULL,NULL,NULL),(74,'EX_UNI','Ho Chi Minh City Industry and Trade College',NULL,'202266','2024-01-24 14:38:28',NULL,NULL,NULL),(75,'EX_UNI','College - Industrial University of Ho Chi Minh City',NULL,'202266','2024-01-24 14:38:28',NULL,NULL,NULL),(76,'EX_UNI','Gia Dinh University',NULL,'202266','2024-01-24 14:38:28',NULL,NULL,NULL),(77,'EX_UNI','University of Finance and Marketing',NULL,'202266','2024-01-24 14:38:28',NULL,NULL,NULL),(78,'EX_UNI','College of Technology and Industrial Management',NULL,'202266','2024-01-24 14:38:28',NULL,NULL,NULL),(79,'EX_UNI','Algonquin College',NULL,'202266','2024-01-24 14:38:28',NULL,NULL,NULL),(80,'EX_UNI','Hue University Of Sciences',NULL,'202266','2024-01-24 14:38:28',NULL,NULL,NULL),(81,'EX_UNI','Vietnam National University of Agriculture',NULL,'202266','2024-01-24 14:38:28',NULL,NULL,NULL),(82,'EX_UNI','University of Greenwich Viet Nam',NULL,'202266','2024-01-24 14:38:28',NULL,NULL,NULL),(83,'EX_UNI','FPT Software',NULL,'202266','2024-01-24 14:38:28',NULL,NULL,NULL),(84,'EX_UNI','Wentworth Institute of Technology',NULL,'202266','2024-01-24 14:38:28',NULL,NULL,NULL),(85,'EX_UNI','Ho Chi Minh City University of Industry and Trade',NULL,'202266','2024-01-24 14:38:28',NULL,NULL,NULL),(86,'EX_UNI','Dong Thap Community College',NULL,'202266','2024-01-24 14:38:28',NULL,NULL,NULL),(87,'EX_UNI','California State University, Sacramento',NULL,'202266','2024-01-24 14:38:28',NULL,NULL,NULL),(88,'EX_UNI','Da Lat University',NULL,'202266','2024-01-24 14:38:28',NULL,NULL,NULL),(89,'EX_UNI','Ho Chi Minh University of Natural Resources and Environment',NULL,'202266','2024-01-24 14:38:28',NULL,NULL,NULL),(90,'EX_UNI','Da Nang Foreigner Language University',NULL,'202266','2024-01-24 14:38:28',NULL,NULL,NULL),(91,'EX_UNI','Humanities and Social Sciences, National University',NULL,'202266','2024-01-24 14:38:28',NULL,NULL,NULL),(92,'EX_UNI','Humance Resource College',NULL,'202266','2024-01-24 14:38:28',NULL,NULL,NULL),(93,'EX_UNI','Ba Ria University',NULL,'202266','2024-01-24 14:38:28',NULL,NULL,NULL),(94,'EX_UNI','Van Hien University',NULL,'202266','2024-01-24 14:38:28',NULL,NULL,NULL),(95,'EX_UNI','Tra Vinh University',NULL,'202266','2024-01-24 14:38:28',NULL,NULL,NULL),(96,'EX_UNI','Genetic computer school',NULL,'202266','2024-01-24 14:38:28',NULL,NULL,NULL),(97,'EX_UNI','University Natural Science',NULL,'202266','2024-01-24 14:38:28',NULL,NULL,NULL),(98,'EX_UNI','Posts and Telecommunications Institute of Technology',NULL,'202266','2024-01-24 14:38:28',NULL,NULL,NULL),(99,'EX_UNI','HUTECH University',NULL,'202266','2024-01-24 14:38:28',NULL,NULL,NULL),(100,'EX_UNI','Hue Foreigner Language University',NULL,'202266','2024-01-24 14:38:28',NULL,NULL,NULL),(101,'EX_INT','Jeung Jae Hee',NULL,'202266','2024-01-24 14:40:43',NULL,NULL,NULL),(102,'EX_INT','Hong Yoo Yeon',NULL,'202266','2024-01-24 14:40:43',NULL,NULL,NULL),(103,'EX_INT','Lee Dal Woo',NULL,'202266','2024-01-24 14:40:43',NULL,NULL,NULL),(104,'EX_INT','Lee MinSub',NULL,'202266','2024-01-24 14:40:43',NULL,NULL,NULL),(105,'EX_INT','Kim Tong Ki',NULL,'202266','2024-01-24 14:40:43',NULL,NULL,NULL),(106,'EX_INT','Kim Sung Ho',NULL,'202266','2024-01-24 14:40:43',NULL,NULL,NULL),(107,'EX_INT','Hur Kuyng Duk',NULL,'202266','2024-01-24 14:40:43',NULL,NULL,NULL),(108,'EX_YEA','Fresher',NULL,'202266','2024-01-24 14:41:44',NULL,NULL,NULL),(109,'EX_YEA','1-3 years',NULL,'202266','2024-01-24 14:41:44',NULL,NULL,NULL),(110,'EX_YEA','4-6 years',NULL,'202266','2024-01-24 14:41:44',NULL,NULL,NULL),(111,'EX_YEA','7-10 years',NULL,'202266','2024-01-24 14:41:44',NULL,NULL,NULL),(112,'EX_YEA','>10 years',NULL,'202266','2024-01-24 14:41:44',NULL,NULL,NULL),(113,'EX_DEP','Coporation Support',NULL,'202266','2024-01-24 14:43:17',NULL,NULL,NULL),(114,'EX_DEP','Smart Solution',NULL,'202266','2024-01-24 14:43:17',NULL,NULL,NULL),(115,'EX_DEP','Posco Vietnam',NULL,'202266','2024-01-24 14:43:17',NULL,NULL,NULL),(116,'EX_DEP','PY Vina',NULL,'202266','2024-01-24 14:43:17',NULL,NULL,NULL),(117,'EX_DEP','VST',NULL,'202266','2024-01-24 14:43:17',NULL,NULL,NULL),(118,'EX_POS','HR',NULL,'202266','2024-01-24 14:44:32',NULL,NULL,NULL),(119,'EX_POS','Accountant',NULL,'202266','2024-01-24 14:44:32',NULL,NULL,NULL),(120,'EX_POS','Purchasing',NULL,'202266','2024-01-24 14:44:32',NULL,NULL,NULL),(121,'EX_POS','Admin',NULL,'202266','2024-01-24 14:44:32',NULL,NULL,NULL),(122,'EX_POS','IT Development',NULL,'202266','2024-01-24 14:44:32',NULL,NULL,NULL),(123,'EX_POS','Interpreter',NULL,'202266','2024-01-24 14:44:32',NULL,NULL,NULL),(124,'EX_POS','Tea lady',NULL,'202266','2024-01-24 14:44:32',NULL,NULL,NULL),(125,'EX_SRC','Vietnam work',NULL,'202266','2024-01-24 14:45:21',NULL,NULL,NULL),(126,'EX_SRC','Top Dev',NULL,'202266','2024-01-24 14:45:21',NULL,NULL,NULL),(127,'EX_SRC','IT Viec',NULL,'202266','2024-01-24 14:45:21',NULL,NULL,NULL),(128,'EX_SRC','Facebook',NULL,'202266','2024-01-24 14:45:21',NULL,NULL,NULL),(129,'EX_SRC','Referral',NULL,'202266','2024-01-24 14:45:21',NULL,NULL,NULL),(130,'EX_SRC','Headhunter',NULL,'202266','2024-01-24 14:45:21',NULL,NULL,NULL),(131,'EX_SRC','Top CV',NULL,'202266','2024-01-24 14:45:21',NULL,NULL,NULL),(132,'EX_SRC','Other',NULL,'202266','2024-01-24 14:45:21',NULL,NULL,NULL),(133,'EX_STT','Searching',NULL,'202266','2024-01-24 14:46:17',NULL,NULL,NULL),(134,'EX_STT','Interview',NULL,'202266','2024-01-24 14:46:17',NULL,NULL,NULL),(135,'EX_STT','Done',NULL,'202266','2024-01-24 14:46:17',NULL,NULL,NULL),(136,'EX_RES','Pass',NULL,'202266','2024-01-24 14:46:45',NULL,NULL,NULL),(137,'EX_RES','Fail',NULL,'202266','2024-01-24 14:46:45',NULL,NULL,NULL),(138,'EX_RES','Not Matching',NULL,'202266','2024-01-24 14:46:45',NULL,NULL,NULL);
/*!40000 ALTER TABLE `tb_excan_code_detail` ENABLE KEYS */;
UNLOCK TABLES;

--
-- Table structure for table `tb_excan_code_master`
--

DROP TABLE IF EXISTS `tb_excan_code_master`;
/*!40101 SET @saved_cs_client     = @@character_set_client */;
/*!50503 SET character_set_client = utf8mb4 */;
CREATE TABLE `tb_excan_code_master` (
  `CODE` varchar(15) NOT NULL,
  `DESCRIPTION` varchar(500) NOT NULL,
  `CREATE_BY` varchar(11) DEFAULT NULL,
  `CREATE_AT` datetime DEFAULT NULL,
  `UPDATE_BY` varchar(11) DEFAULT NULL,
  `UPDATE_AT` datetime DEFAULT NULL,
  `DELETE_AT` datetime DEFAULT NULL,
  PRIMARY KEY (`CODE`)
) ENGINE=InnoDB DEFAULT CHARSET=utf8mb4 COLLATE=utf8mb4_general_ci;
/*!40101 SET character_set_client = @saved_cs_client */;

--
-- Dumping data for table `tb_excan_code_master`
--

LOCK TABLES `tb_excan_code_master` WRITE;
/*!40000 ALTER TABLE `tb_excan_code_master` DISABLE KEYS */;
INSERT INTO `tb_excan_code_master` VALUES ('EX_DEP','Department','202266','2024-01-24 14:29:27',NULL,NULL,NULL),('EX_INT','Interviewer','202266','2024-01-24 14:29:27',NULL,NULL,NULL),('EX_POS','Position','202266','2024-01-24 14:28:08',NULL,NULL,NULL),('EX_RES','Result','202266','2024-01-24 14:28:08',NULL,NULL,NULL),('EX_SRC','Source','202266','2024-01-24 14:28:08',NULL,NULL,NULL),('EX_STT','Status','202266','2024-01-24 14:28:08',NULL,NULL,NULL),('EX_UNI','University','202266','2024-01-24 14:29:27',NULL,NULL,NULL),('EX_YEA','Year of experience','202266','2024-01-24 14:29:27',NULL,NULL,NULL);
/*!40000 ALTER TABLE `tb_excan_code_master` ENABLE KEYS */;
UNLOCK TABLES;

--
-- Table structure for table `tb_excan_exam`
--

DROP TABLE IF EXISTS `tb_excan_exam`;
/*!40101 SET @saved_cs_client     = @@character_set_client */;
/*!50503 SET character_set_client = utf8mb4 */;
CREATE TABLE `tb_excan_exam` (
  `ID` int(11) NOT NULL AUTO_INCREMENT,
  `SETTING_ID` int(11) DEFAULT NULL,
  `CANDIDATE_ID` int(11) DEFAULT NULL,
  `START_TIME` datetime DEFAULT NULL,
  `SUBMIT_TIME` datetime DEFAULT NULL,
  `SCORE` int(11) DEFAULT NULL,
  `DESCRIPTION` varchar(255) CHARACTER SET utf8mb4 COLLATE utf8mb4_general_ci DEFAULT NULL,
  `STATUS` int(11) DEFAULT NULL,
  `CREATE_AT` datetime DEFAULT NULL,
  `CREATE_BY` varchar(11) DEFAULT NULL,
  `UPDATE_AT` datetime DEFAULT NULL,
  `UPDATE_BY` varchar(11) DEFAULT NULL,
  `DELETE_AT` datetime DEFAULT NULL,
  `TOTAL_SCORE` int(11) DEFAULT NULL,
  PRIMARY KEY (`ID`),
  KEY `FK_tb_excan_exam_tb_excan_candidate` (`CANDIDATE_ID`),
  KEY `FK_tb_excan_exam_tb_excan_setting` (`SETTING_ID`),
  CONSTRAINT `FK_tb_excan_exam_tb_excan_candidate` FOREIGN KEY (`CANDIDATE_ID`) REFERENCES `tb_excan_candidate` (`ID`) ON DELETE NO ACTION ON UPDATE NO ACTION,
  CONSTRAINT `FK_tb_excan_exam_tb_excan_setting` FOREIGN KEY (`SETTING_ID`) REFERENCES `tb_excan_setting` (`ID`) ON DELETE NO ACTION ON UPDATE NO ACTION
) ENGINE=InnoDB AUTO_INCREMENT=60 DEFAULT CHARSET=latin1 COLLATE=latin1_swedish_ci;
/*!40101 SET character_set_client = @saved_cs_client */;

--
-- Dumping data for table `tb_excan_exam`
--

LOCK TABLES `tb_excan_exam` WRITE;
/*!40000 ALTER TABLE `tb_excan_exam` DISABLE KEYS */;
INSERT INTO `tb_excan_exam` VALUES (59,10,38,'2024-01-29 08:51:49','2024-01-29 08:52:55',20,NULL,3,'2024-01-29 08:51:42','202266','2024-01-29 15:53:16',NULL,NULL,0);
/*!40000 ALTER TABLE `tb_excan_exam` ENABLE KEYS */;
UNLOCK TABLES;

--
-- Table structure for table `tb_excan_exam_question`
--

DROP TABLE IF EXISTS `tb_excan_exam_question`;
/*!40101 SET @saved_cs_client     = @@character_set_client */;
/*!50503 SET character_set_client = utf8mb4 */;
CREATE TABLE `tb_excan_exam_question` (
  `ID` int(11) NOT NULL AUTO_INCREMENT,
  `QUESTION_ID` int(11) DEFAULT NULL,
  `EXAM_ID` int(11) DEFAULT NULL,
  `ANSWER_ORDER` varchar(255) CHARACTER SET utf8mb4 COLLATE utf8mb4_general_ci DEFAULT NULL,
  `CHOSEN_ANSWER` varchar(255) CHARACTER SET utf8mb4 COLLATE utf8mb4_general_ci DEFAULT NULL,
  `STATUS` int(11) DEFAULT NULL,
  `CREATE_AT` datetime DEFAULT NULL,
  `CREATE_BY` varchar(11) DEFAULT NULL,
  `UPDATE_AT` datetime DEFAULT NULL,
  `UPDATE_BY` varchar(11) DEFAULT NULL,
  `DELETE_AT` datetime DEFAULT NULL,
  PRIMARY KEY (`ID`),
  KEY `FK_tb_excan_exam_question_tb_excan_exam` (`EXAM_ID`),
  KEY `FK_tb_excan_exam_question_tb_excan_question` (`QUESTION_ID`),
  CONSTRAINT `FK_tb_excan_exam_question_tb_excan_exam` FOREIGN KEY (`EXAM_ID`) REFERENCES `tb_excan_exam` (`ID`) ON DELETE NO ACTION ON UPDATE NO ACTION,
  CONSTRAINT `FK_tb_excan_exam_question_tb_excan_question` FOREIGN KEY (`QUESTION_ID`) REFERENCES `tb_excan_question` (`ID`) ON DELETE NO ACTION ON UPDATE NO ACTION,
  CONSTRAINT `FKekykd2xy3uotwlaipdhboyo2l` FOREIGN KEY (`QUESTION_ID`) REFERENCES `tb_excan_question` (`ID`),
  CONSTRAINT `FKtcplbvqtl46ohdd5gs6x427al` FOREIGN KEY (`EXAM_ID`) REFERENCES `tb_excan_exam` (`ID`)
) ENGINE=InnoDB AUTO_INCREMENT=1845 DEFAULT CHARSET=latin1 COLLATE=latin1_swedish_ci;
/*!40101 SET character_set_client = @saved_cs_client */;

--
-- Dumping data for table `tb_excan_exam_question`
--

LOCK TABLES `tb_excan_exam_question` WRITE;
/*!40000 ALTER TABLE `tb_excan_exam_question` DISABLE KEYS */;
INSERT INTO `tb_excan_exam_question` VALUES (1805,55,59,'211,209,210,208','209',NULL,'2024-01-29 15:51:42','202266',NULL,NULL,NULL),(1806,56,59,'212,213,214,215',NULL,NULL,'2024-01-29 15:51:42','202266',NULL,NULL,NULL),(1807,87,59,'338,339,337,336',NULL,NULL,'2024-01-29 15:51:42','202266',NULL,NULL,NULL),(1808,51,59,'194,193,195,192',NULL,NULL,'2024-01-29 15:51:42','202266',NULL,NULL,NULL),(1809,53,59,'200,203,202,201',NULL,NULL,'2024-01-29 15:51:42','202266',NULL,NULL,NULL),(1810,61,59,'233,235,232,234',NULL,NULL,'2024-01-29 15:51:42','202266',NULL,NULL,NULL),(1811,79,59,'306,307,305,304','304',NULL,'2024-01-29 15:51:42','202266',NULL,NULL,NULL),(1812,82,59,'319,316,317,318',NULL,NULL,'2024-01-29 15:51:42','202266',NULL,NULL,NULL),(1813,60,59,'230,228,229,231',NULL,NULL,'2024-01-29 15:51:42','202266',NULL,NULL,NULL),(1814,57,59,'218,216,217,219',NULL,NULL,'2024-01-29 15:51:42','202266',NULL,NULL,NULL),(1815,71,59,'272,275,274,273','273',NULL,'2024-01-29 15:51:42','202266',NULL,NULL,NULL),(1816,62,59,'239,236,238,237',NULL,NULL,'2024-01-29 15:51:42','202266',NULL,NULL,NULL),(1817,88,59,'343,340,341,342',NULL,NULL,'2024-01-29 15:51:42','202266',NULL,NULL,NULL),(1818,73,59,'282,280,281,283',NULL,NULL,'2024-01-29 15:51:42','202266',NULL,NULL,NULL),(1819,11,59,'43,41,42,44',NULL,NULL,'2024-01-29 15:51:42','202266',NULL,NULL,NULL),(1820,9,59,'36,33,35,34',NULL,NULL,'2024-01-29 15:51:42','202266',NULL,NULL,NULL),(1821,3,59,'9,11,12,10','10',NULL,'2024-01-29 15:51:42','202266',NULL,NULL,NULL),(1822,2,59,'5,7,8,6',NULL,NULL,'2024-01-29 15:51:42','202266',NULL,NULL,NULL),(1823,8,59,'30,29,31,32',NULL,NULL,'2024-01-29 15:51:42','202266',NULL,NULL,NULL),(1824,4,59,'14,15,13,16',NULL,NULL,'2024-01-29 15:51:42','202266',NULL,NULL,NULL),(1825,7,59,'26,25,27,28',NULL,NULL,'2024-01-29 15:51:42','202266',NULL,NULL,NULL),(1826,21,59,'83,375,82,84,81',NULL,NULL,'2024-01-29 15:51:42','202266',NULL,NULL,NULL),(1827,22,59,'85,88,87,86','[]',NULL,'2024-01-29 15:51:42','202266',NULL,NULL,NULL),(1828,5,59,'19,18,20,17',NULL,NULL,'2024-01-29 15:51:42','202266',NULL,NULL,NULL),(1829,48,59,'368',NULL,NULL,'2024-01-29 15:51:42','202266',NULL,NULL,NULL),(1830,15,59,'57,60,59,58','58',NULL,'2024-01-29 15:51:42','202266',NULL,NULL,NULL),(1831,17,59,'67,66,65,68',NULL,NULL,'2024-01-29 15:51:42','202266',NULL,NULL,NULL),(1832,13,59,'50,52,51,49',NULL,NULL,'2024-01-29 15:51:42','202266',NULL,NULL,NULL),(1833,19,59,'75,76,73,74',NULL,NULL,'2024-01-29 15:51:42','202266',NULL,NULL,NULL),(1834,50,59,'372,189,190,188,191,373',NULL,NULL,'2024-01-29 15:51:42','202266',NULL,NULL,NULL),(1835,100,59,'393,395,392,394',NULL,NULL,'2024-01-29 15:51:42','202266',NULL,NULL,NULL),(1836,107,59,'418,419,417,416',NULL,NULL,'2024-01-29 15:51:42','202266',NULL,NULL,NULL),(1837,108,59,'421,422,423,420',NULL,NULL,'2024-01-29 15:51:42','202266',NULL,NULL,NULL),(1838,105,59,'408,411,409,410',NULL,NULL,'2024-01-29 15:51:42','202266',NULL,NULL,NULL),(1839,118,59,'484,482,457,483','484',NULL,'2024-01-29 15:51:42','202266',NULL,NULL,NULL),(1840,99,59,'389,391,390',NULL,NULL,'2024-01-29 15:51:42','202266',NULL,NULL,NULL),(1841,116,59,'452,455,454,453',NULL,NULL,'2024-01-29 15:51:42','202266',NULL,NULL,NULL),(1842,101,59,'396,397','397',NULL,'2024-01-29 15:51:42','202266',NULL,NULL,NULL),(1843,96,59,'379,380,378',NULL,NULL,'2024-01-29 15:51:42','202266',NULL,NULL,NULL),(1844,114,59,'446,447,445,444','447',NULL,'2024-01-29 15:51:42','202266',NULL,NULL,NULL);
/*!40000 ALTER TABLE `tb_excan_exam_question` ENABLE KEYS */;
UNLOCK TABLES;

--
-- Table structure for table `tb_excan_menu`
--

DROP TABLE IF EXISTS `tb_excan_menu`;
/*!40101 SET @saved_cs_client     = @@character_set_client */;
/*!50503 SET character_set_client = utf8mb4 */;
CREATE TABLE `tb_excan_menu` (
  `ID` int(11) NOT NULL AUTO_INCREMENT,
  `MENU_CODE` varchar(50) NOT NULL,
  `MENU_NAME` varchar(200) CHARACTER SET utf8mb4 COLLATE utf8mb4_general_ci NOT NULL,
  `TOP_MENU` int(11) DEFAULT 0,
  `URL` varchar(100) NOT NULL,
  `PERMISSION_GROUP` int(11) NOT NULL,
  `CREATE_BY` varchar(11) NOT NULL,
  `CREATE_AT` date DEFAULT NULL,
  `STATUS` int(11) DEFAULT 0,
  PRIMARY KEY (`ID`)
) ENGINE=InnoDB AUTO_INCREMENT=8 DEFAULT CHARSET=latin1 COLLATE=latin1_swedish_ci;
/*!40101 SET character_set_client = @saved_cs_client */;

--
-- Dumping data for table `tb_excan_menu`
--

LOCK TABLES `tb_excan_menu` WRITE;
/*!40000 ALTER TABLE `tb_excan_menu` DISABLE KEYS */;
INSERT INTO `tb_excan_menu` VALUES (1,'EXC001','Dashboard',0,'/web/challenge/dashboard.do',3,'202260','2024-01-03',0),(2,'EXC002','Candidates',0,'/web/challenge/candidate.do',4,'202260','2024-01-03',0),(3,'EXC003','Users',0,'/web/challenge/user.do',1,'202260','2024-01-03',0),(4,'EXC004','Roles & Permissions',0,'/web/challenge/role.do',2,'202260','2024-01-03',0),(5,'EXC005','Categories',0,'/web/challenge/category.do',5,'202260','2024-01-03',0),(6,'EXC006','Quesitons',0,'/web/challenge/question.do',7,'202260','2024-01-03',0),(7,'EXC007','Exam Settings',0,'/web/challenge/setting.do',6,'202260','2024-01-03',0);
/*!40000 ALTER TABLE `tb_excan_menu` ENABLE KEYS */;
UNLOCK TABLES;

--
-- Table structure for table `tb_excan_permission`
--

DROP TABLE IF EXISTS `tb_excan_permission`;
/*!40101 SET @saved_cs_client     = @@character_set_client */;
/*!50503 SET character_set_client = utf8mb4 */;
CREATE TABLE `tb_excan_permission` (
  `ID` int(11) NOT NULL AUTO_INCREMENT,
  `NAME` varchar(50) CHARACTER SET utf8mb4 COLLATE utf8mb4_general_ci NOT NULL DEFAULT '',
  `DESCRIPTION` varchar(255) CHARACTER SET utf8mb4 COLLATE utf8mb4_general_ci NOT NULL DEFAULT '',
  `GROUP` int(11) NOT NULL DEFAULT 0,
  PRIMARY KEY (`ID`)
) ENGINE=InnoDB AUTO_INCREMENT=30 DEFAULT CHARSET=latin1 COLLATE=latin1_swedish_ci;
/*!40101 SET character_set_client = @saved_cs_client */;

--
-- Dumping data for table `tb_excan_permission`
--

LOCK TABLES `tb_excan_permission` WRITE;
/*!40000 ALTER TABLE `tb_excan_permission` DISABLE KEYS */;
INSERT INTO `tb_excan_permission` VALUES (1,'GET_USER','Allow to get User',1),(2,'ADD_USER','Allow to Create New User',1),(3,'DELETE_USER','Allow to Delete User',1),(4,'UPDATE_USER','Allow to Modify User',1),(5,'GET_ROLE','Allow to get Role',2),(6,'ADD_ROLE','Allow to Create New Role',2),(7,'DELETE_ROLE','Allow to Delete Role',2),(8,'UPDATE_ROLE','Allow to Modify Role',2),(9,'VIEW_DASHBOARD','Allow to view DashBoard',3),(10,'GET_CANDIDATE','Allow to get Candidate',4),(11,'ADD_CANDIDATE','Allow to Create New Candidate',4),(12,'DELETE_CANDIDATE','Allow to Delete Candidate',4),(13,'UPDATE_CANDIDATE','Allow to Modify Candidate',4),(14,'CREATE_EMPLOYEE','Allow to Create New Employee',0),(15,'GET_CATEGORY','Allow to get Category',5),(16,'ADD_CATEGORY','Allow to Create New Category',5),(17,'DELETE_CATEGORY','Allow to Delete Category',5),(18,'UPDATE_CATEGORY','Allow to Modify Category',5),(19,'GET_EXAM_SETTING','Allow to get Exam Setting',6),(20,'ADD_EXAM_SETTING','Allow to Add Exam Setting',6),(21,'DELETE_EXAM_SETTING','Allow to Delete Exam Setting',6),(22,'UPDATE_EXAM_SETTING','Allow to Modify Exam Setting',6),(23,'GET_EXAM','Allow to get Exam ',0),(24,'ADD_EXAM','Allow to Add Exam',0),(25,'UPDATE_EXAM','Allow to Modify Exam',0),(26,'GET_QUESTION','Allow to get Question',7),(27,'ADD_QUESTION','Allow to Create New Question',7),(28,'DELETE_QUESTION','Allow to Delete Question',7),(29,'UPDATE_QUESTION','Allow to Modify Question',7);
/*!40000 ALTER TABLE `tb_excan_permission` ENABLE KEYS */;
UNLOCK TABLES;

--
-- Table structure for table `tb_excan_permission_role`
--

DROP TABLE IF EXISTS `tb_excan_permission_role`;
/*!40101 SET @saved_cs_client     = @@character_set_client */;
/*!50503 SET character_set_client = utf8mb4 */;
CREATE TABLE `tb_excan_permission_role` (
  `ID` int(11) NOT NULL AUTO_INCREMENT,
  `ROLE_ID` int(11) NOT NULL,
  `PERMISSION_ID` int(11) NOT NULL,
  PRIMARY KEY (`ID`),
  KEY `FK_tb_excan_permission_role_tb_excan_role` (`ROLE_ID`),
  KEY `FK_tb_excan_permission_role_tb_excan_permission` (`PERMISSION_ID`),
  CONSTRAINT `FK_tb_excan_permission_role_tb_excan_permission` FOREIGN KEY (`PERMISSION_ID`) REFERENCES `tb_excan_permission` (`ID`) ON DELETE NO ACTION ON UPDATE NO ACTION,
  CONSTRAINT `FK_tb_excan_permission_role_tb_excan_role` FOREIGN KEY (`ROLE_ID`) REFERENCES `tb_excan_role` (`ID`) ON DELETE NO ACTION ON UPDATE NO ACTION,
  CONSTRAINT `FKb1x9wys5jgn858g2mh2wakbhx` FOREIGN KEY (`ROLE_ID`) REFERENCES `tb_excan_role` (`ID`),
  CONSTRAINT `FKf7cww8hsmmya9jlrcgaw5hgn9` FOREIGN KEY (`PERMISSION_ID`) REFERENCES `tb_excan_permission` (`ID`)
) ENGINE=InnoDB AUTO_INCREMENT=97 DEFAULT CHARSET=latin1 COLLATE=latin1_swedish_ci;
/*!40101 SET character_set_client = @saved_cs_client */;

--
-- Dumping data for table `tb_excan_permission_role`
--

LOCK TABLES `tb_excan_permission_role` WRITE;
/*!40000 ALTER TABLE `tb_excan_permission_role` DISABLE KEYS */;
INSERT INTO `tb_excan_permission_role` VALUES (1,1,1),(2,1,2),(4,1,4),(5,1,5),(6,1,6),(7,1,7),(8,1,8),(14,1,3),(15,1,9),(16,1,10),(17,1,29),(18,1,14),(19,1,18),(20,1,23),(21,1,28),(22,1,19),(23,1,26),(24,1,16),(25,1,13),(26,1,17),(27,1,15),(28,1,20),(29,1,21),(30,1,24),(31,1,25),(32,1,12),(33,1,27),(34,1,22),(35,1,11),(36,4,1),(40,4,5),(41,2,1),(51,2,5),(52,2,28),(56,6,13),(57,6,14),(58,6,12),(59,6,11),(60,6,9),(61,6,10),(93,6,23),(95,6,24),(96,6,1);
/*!40000 ALTER TABLE `tb_excan_permission_role` ENABLE KEYS */;
UNLOCK TABLES;

--
-- Table structure for table `tb_excan_question`
--

DROP TABLE IF EXISTS `tb_excan_question`;
/*!40101 SET @saved_cs_client     = @@character_set_client */;
/*!50503 SET character_set_client = utf8mb4 */;
CREATE TABLE `tb_excan_question` (
  `ID` int(11) NOT NULL AUTO_INCREMENT,
  `CATEGORY_ID` int(11) DEFAULT NULL,
  `CONTENT` varchar(4000) DEFAULT NULL,
  `LEVEL` int(11) DEFAULT NULL,
  `SCORE` int(11) DEFAULT NULL,
  `QUESTION_TYPE` int(5) DEFAULT NULL,
  `STATUS` int(11) DEFAULT NULL,
  `CREATE_AT` datetime DEFAULT NULL,
  `CREATE_BY` varchar(11) DEFAULT NULL,
  `UPDATE_AT` datetime DEFAULT NULL,
  `UPDATE_BY` varchar(11) DEFAULT NULL,
  `DELETE_AT` datetime DEFAULT NULL,
  `IMAGE` varchar(50) DEFAULT NULL,
  PRIMARY KEY (`ID`),
  KEY `FK_tb_excan_question_tb_excan_category` (`CATEGORY_ID`),
  CONSTRAINT `FK_tb_excan_question_tb_excan_category` FOREIGN KEY (`CATEGORY_ID`) REFERENCES `tb_excan_category` (`ID`) ON DELETE NO ACTION ON UPDATE NO ACTION
) ENGINE=InnoDB AUTO_INCREMENT=125 DEFAULT CHARSET=latin1 COLLATE=latin1_swedish_ci;
/*!40101 SET character_set_client = @saved_cs_client */;

--
-- Dumping data for table `tb_excan_question`
--

LOCK TABLES `tb_excan_question` WRITE;
/*!40000 ALTER TABLE `tb_excan_question` DISABLE KEYS */;
INSERT INTO `tb_excan_question` VALUES (1,2,'What is JavaScript?',1,10,1,0,'2024-01-03 00:00:00',NULL,'2024-01-29 01:11:20',NULL,NULL,NULL),(2,2,' Which of the following is correct about JavaScript?',1,10,1,0,'2024-01-03 00:00:00',NULL,'2024-01-26 11:08:48',NULL,NULL,NULL),(3,2,'Among the given statements, which statement defines closures in JavaScript?',1,10,1,0,'2024-01-03 00:00:00',NULL,'2024-01-26 11:08:30',NULL,NULL,NULL),(4,2,'What will be the output of the following JavaScript code snippet?\n\n<p id=\"demo\"></p>\nvar txt1 = \"Sanfoundry_\";\nvar txt2 = \"Javascriptmcq\";\ndocument.getElementById(\"demo\").innerHTML = txt1 + txt2;',2,10,1,0,'2024-01-03 00:00:00',NULL,'2024-01-26 11:08:33',NULL,NULL,NULL),(5,2,'What will be the output of the following JavaScript code?\n\n<p id=\"demo\"></p>\n<script>\nvar js = 10;\njs *= 5;\ndocument.getElementById(\"demo\").innerHTML = js;\n</script>',2,10,1,0,'2024-01-03 00:00:00',NULL,'2024-01-26 11:08:36',NULL,NULL,NULL),(6,2,'Arrays in JavaScript are defined by which of the following statements?',2,10,1,0,'2024-01-03 00:00:00',NULL,'2024-01-26 11:08:57',NULL,NULL,NULL),(7,2,'What will be the output of the following JavaScript code?\n\n// JavaScript Comparison Operators\nfunction compare()\n{\n    int num=2;\n    char b=2;\n    if(a==b)\n        return true;\n    else\n        return false;\n}',2,10,1,0,'2024-01-03 00:00:00',NULL,'2024-01-26 11:08:55',NULL,NULL,NULL),(8,2,'What will be the output of the following JavaScript code snippet?\n\n// JavaScript Equalto Operators\nfunction equalto()\n{\n    int num=10;\n    if(num===\"10\")\n        return true;\n    else\n        return false;\n}',1,10,1,0,'2024-01-03 00:00:00',NULL,'2024-01-23 09:37:31',NULL,NULL,NULL),(9,2,'Will the following JavaScript code work?\n\nvar js = (function(x) {return x*x;}(10));',1,10,1,0,'2024-01-03 00:00:00',NULL,'2024-01-23 09:37:36',NULL,NULL,NULL),(10,2,'Which of the following is not javascript data types?',2,10,1,0,'2024-01-03 00:00:00',NULL,'2024-01-23 09:38:00',NULL,NULL,NULL),(11,2,'Which of the following scoping type does JavaScript use?',1,10,1,0,'2024-01-03 00:00:00',NULL,'2024-01-23 09:38:12',NULL,NULL,NULL),(12,2,'What is the basic difference between JavaScript and Java?',1,10,1,0,'2024-01-03 00:00:00',NULL,'2024-01-23 09:38:18',NULL,NULL,NULL),(13,2,'What will be the output of the following JavaScript code?\n\nvar quiz=[1,2,3];  \nvar js=[6,7,8];  \nvar result=quiz.concat(js);  \ndocument.writeln(result);',4,10,1,0,'2024-01-03 00:00:00',NULL,'2024-01-23 09:38:22',NULL,NULL,NULL),(14,2,'What will be the function of the following JavaScript program?\n\nvar scope = \"js scope\";\nfunction checkscope() \n{\n    var scope = \"javascript scope\"; \n    function f() \n    { \n         return scope; \n    }\n    return f;\n}',4,10,1,0,'2024-01-03 00:00:00',NULL,'2024-01-29 01:16:25',NULL,NULL,NULL),(15,2,' What will be the output of the following JavaScript code?\n\nint a=0;\nfor(a;a<5;a++);\nconsole.log(a);',3,10,1,0,'2024-01-03 00:00:00',NULL,'2024-01-26 11:09:36',NULL,NULL,NULL),(16,2,'Which of the following methods/operation does javascript use instead of == and !=?',2,10,1,0,'2024-01-03 00:00:00',NULL,'2024-01-26 11:09:33',NULL,NULL,NULL),(17,2,'What will be the output of the following JavaScript code?\n\nfunction compare()\n{\n    int sanfoundry=1;\n    char javascript=1;\n    if(sanfoundry.tostring()===javascript)\n        return true;\n    else \n        return false;\n}',3,10,1,0,'2024-01-03 00:00:00',NULL,'2024-01-26 11:09:30',NULL,NULL,NULL),(18,2,'Consider the following JavaScript statement containing regular expressions and check if the pattern matches.\n\nvar text = \"testing: 1, 2, 3\"; \nvar pattern = /d+/g;',3,10,1,0,'2024-01-03 00:00:00',NULL,'2024-01-26 11:09:28',NULL,NULL,NULL),(19,2,'What will be the output of the following JavaScript code?\n\nfunction printArray(a) \n{\n     var len = a.length, i = 0;\n     if (len == 0)\n        console.log(\"Empty Array\");\n     else \n     {\n// do-while loop in javascript\n         do \n         {\n             console.log(a[i]);\n         } while (++i < len);\n     }\n}',4,10,1,0,'2024-01-03 00:00:00',NULL,'2024-01-29 01:18:49',NULL,NULL,NULL),(20,2,'In which of the following condition, the React.js Lifecycle method static getDerivedSateFromProps(props, state) is called?',2,10,1,0,'2024-01-03 00:00:00',NULL,'2024-01-26 11:09:24',NULL,NULL,NULL),(21,2,'Which of the following method is not a part of ReactDOM?',2,10,1,0,'2024-01-03 00:00:00',NULL,'2024-01-23 09:48:01',NULL,NULL,NULL),(22,2,'Operator Negation (-) is used for __________________?',2,10,2,0,'2024-01-03 00:00:00',NULL,'2024-01-23 09:48:45',NULL,NULL,NULL),(23,2,'var grand_Total=eval(\"10*10+5\");',3,10,1,0,'2024-01-03 00:00:00',NULL,'2024-01-23 09:49:29',NULL,NULL,NULL),(24,2,'What will be the output of the following JavaScript code?\n\n// Javascript code snippet to compare the height\nfunction height()\n{	\n    var  height = 123.56;\n    var type = (height>=190) ? \"tall\" : \"short\";\n    return type;\n}',2,10,1,0,'2024-01-03 00:00:00',NULL,'2024-01-29 01:23:46',NULL,NULL,NULL),(25,5,'What is React.js?',1,10,1,0,'2024-01-03 00:00:00',NULL,'2024-01-23 09:49:42',NULL,NULL,NULL),(26,5,'Which of the following acts as the input of a class-based component?',1,10,1,0,'2024-01-03 00:00:00',NULL,'2024-01-23 09:49:47',NULL,NULL,NULL),(27,5,'React.js is written in which of the following language?',1,10,1,0,'2024-01-03 00:00:00',NULL,'2024-01-23 09:49:50',NULL,NULL,NULL),(28,5,'How many elements can a valid react component return?',2,10,1,0,'2024-01-03 00:00:00',NULL,'2024-01-23 09:49:53',NULL,NULL,NULL),(29,5,' Which of the following command is used to Install create-react-app?',2,10,1,0,'2024-01-03 00:00:00',NULL,'2024-01-23 09:49:56',NULL,NULL,NULL),(30,5,'We can update the state in React.js by calling to setState() method. These calls are:',2,10,1,0,'2024-01-03 00:00:00',NULL,'2024-01-23 09:51:08',NULL,NULL,NULL),(31,5,'Which of the following is used to pass data to a component from outside in React?',2,10,1,0,'2024-01-03 00:00:00',NULL,'2024-01-23 09:51:28',NULL,NULL,NULL),(32,6,'What is C++?',1,10,1,0,'2024-01-03 00:00:00',NULL,'2024-01-23 09:51:32',NULL,NULL,NULL),(33,6,'Which of the following is the correct syntax of including a user defined header files in C++?',1,10,1,0,'2024-01-03 00:00:00',NULL,'2024-01-23 09:51:39',NULL,NULL,NULL),(34,6,'Which of the following is used for comments in C++?',1,10,1,0,'2024-01-03 00:00:00',NULL,'2024-01-23 09:51:45',NULL,NULL,NULL),(35,6,'Which of the following user-defined header file extension used in c++?',2,10,1,0,'2024-01-03 00:00:00',NULL,'2024-01-23 09:51:50',NULL,NULL,NULL),(36,6,'Which of the following is a correct identifier in C++?',2,10,1,0,'2024-01-03 00:00:00',NULL,'2024-01-23 09:51:53',NULL,NULL,NULL),(37,6,'Which of the following is not a type of Constructor in C++?',2,10,1,0,'2024-01-03 00:00:00',NULL,'2024-01-23 09:51:57',NULL,NULL,NULL),(38,6,'Which of the following approach is used by C++?',3,10,1,0,'2024-01-03 00:00:00',NULL,'2024-01-23 09:52:01',NULL,NULL,NULL),(39,6,'What is virtual inheritance in C++?',3,10,1,0,'2024-01-03 00:00:00',NULL,'2024-01-23 09:52:04',NULL,NULL,NULL),(40,6,' What happens if the following C++ statement is compiled and executed?\n\nint *ptr = NULL;\ndelete ptr;',2,10,1,0,'2024-01-03 00:00:00',NULL,'2024-01-23 09:52:58',NULL,NULL,NULL),(41,6,' What will be the output of the following C++ code?',3,10,1,0,'2024-01-03 00:00:00',NULL,'2024-01-23 09:53:02',NULL,NULL,NULL),(42,6,'What is the difference between delete and delete[] in C++?',2,10,1,0,'2024-01-03 00:00:00',NULL,'2024-01-23 09:53:26',NULL,NULL,NULL),(43,6,'What is the value of p in the following C++ code snippet?',4,10,1,0,'2024-01-03 00:00:00',NULL,'2024-01-23 09:53:30',NULL,NULL,NULL),(44,6,'By default, all the files in C++ are opened in _________ mode.',2,10,1,0,'2024-01-03 00:00:00',NULL,'2024-01-23 09:53:35',NULL,NULL,NULL),(45,6,'What will be the output of the following C++ code?',4,10,1,0,'2024-01-03 00:00:00',NULL,'2024-01-23 09:53:39',NULL,NULL,NULL),(46,6,'What will be the output of the following C++ code?\n\n#include<iostream> \nusing namespace std; \nclass Base { \npublic: \n	Base()	 \n	{ cout<<\"Constructing Base \\n\"; } \n	virtual~Base() \n	{ cout<<\"Destructing Base \\n\"; }	 \n}; \nclass Derived: public Base { \npublic: \n	Derived()	 \n	{ cout<<\"Constructing Derived \\n\"; } \n	~Derived() \n	{ cout<<\"Destructing Derived \\n\"; } \n}; \n \nint main(void) \n{ \n	Derived *d = new Derived(); \n	Base *b = d; \n	delete b; \n	return 0; \n}',4,10,1,0,'2024-01-03 00:00:00',NULL,'2024-01-23 09:58:49',NULL,NULL,NULL),(47,2,'List some features of JavaScript.',3,10,4,0,'2024-01-03 00:00:00',NULL,'2024-01-26 11:09:12',NULL,NULL,NULL),(48,2,'_(A)_ allows us to attach a single event listener, to a parent element, that will fire for all descendants matching a selector, whether those descendants exist now or are added in the future.',3,10,3,0,'2024-01-03 00:00:00',NULL,'2024-01-23 10:01:21',NULL,NULL,NULL),(49,1,'What is JAVA programming language ?',1,10,4,0,'2024-01-10 11:32:43',NULL,'2024-01-26 11:09:08',NULL,NULL,NULL),(50,2,'_(A)_ variables are those that are not declared in the program (do not exist at all), trying to read their values gives a runtime error.\n\nA variable that has not been assigned a value is of type _(B)_. A method or statement also returns _(C)_ if the variable that is being evaluated does not have an assigned value. A function returns _(D)_ if a value was not returned.\n\n_(E)_ is a JavaScript keyword that indicates the absence of a value.\n\nuse the _(F)_ operator to check for the object type.',4,30,3,0,'2024-01-10 15:39:50',NULL,'2024-01-23 10:02:03',NULL,NULL,'http://172.25.219.61:6040/excan/'),(51,1,'Who invented Java Programming?',1,10,1,0,'2024-01-16 10:42:48',NULL,'2024-01-23 10:08:02',NULL,NULL,NULL),(52,1,'Which statement is true about Java?',1,10,1,0,'2024-01-16 10:43:46',NULL,'2024-01-23 10:03:24',NULL,NULL,NULL),(53,1,'Which component is used to compile, debug and execute the java programs?',1,10,1,0,'2024-01-16 10:50:01',NULL,'2024-01-23 10:08:11',NULL,NULL,NULL),(54,1,'Which one of the following is not a Java feature?',1,10,1,0,'2024-01-16 10:51:03',NULL,'2024-01-23 10:08:18',NULL,NULL,NULL),(55,1,'Which of these cannot be used for a variable name in Java?',1,10,1,0,'2024-01-16 10:51:54',NULL,'2024-01-23 10:08:21',NULL,NULL,NULL),(56,1,'What is the extension of java code files?',1,10,1,0,'2024-01-16 10:52:45',NULL,'2024-01-23 10:08:26',NULL,NULL,NULL),(57,1,'What will be the output of the following Java code?\n\nclass increment {\n        public static void main(String args[]) \n        {        \n             int g = 3;\n             System.out.print(++g * 8);\n        } \n    }',2,10,1,0,'2024-01-16 10:53:36',NULL,'2024-01-23 10:08:30',NULL,NULL,NULL),(58,1,'Which environment variable is used to set the java path?',2,10,1,0,'2024-01-16 10:54:20',NULL,'2024-01-23 10:08:34',NULL,NULL,NULL),(59,1,'What will be the output of the following Java program?\n\nclass output {\n        public static void main(String args[]) \n        {\n            double a, b,c;\n            a = 3.0/0;\n            b = 0/4.0;\n            c=0/0.0;\n \n	    System.out.println(a);\n            System.out.println(b);\n            System.out.println(c);\n        } \n    }',3,10,1,0,'2024-01-16 11:27:30',NULL,'2024-01-23 10:08:48',NULL,NULL,NULL),(60,1,'Which of the following is not an OOPS concept in Java?',2,10,1,0,'2024-01-16 11:38:30',NULL,'2024-01-23 10:08:51',NULL,NULL,NULL),(61,1,'What is not the use of this keyword in Java?',2,10,1,0,'2024-01-16 11:39:37',NULL,'2024-01-23 10:08:55',NULL,NULL,NULL),(62,1,'What will be the output of the following Java program?\n\nclass variable_scope \n    {\n        public static void main(String args[]) \n        {\n            int x;\n            x = 5;\n            {\n	        int y = 6;\n	        System.out.print(x + \" \" + y);\n            }\n            System.out.println(x + \" \" + y);\n        } \n    }',3,10,1,0,'2024-01-16 11:40:20',NULL,'2024-01-23 10:08:59',NULL,NULL,NULL),(63,1,'What will be the error in the following Java code?\n\n    byte b = 50;\n    b = b * 50; ',3,10,1,0,'2024-01-16 11:41:19',NULL,'2024-01-23 10:09:03',NULL,NULL,NULL),(64,1,'Which of the following is a type of polymorphism in Java Programming?',2,10,1,0,'2024-01-16 13:04:43',NULL,'2024-01-23 10:09:07',NULL,NULL,NULL),(65,1,'What will be the output of the following Java program?\n\nclass leftshift_operator \n    {\n        public static void main(String args[]) \n        {        \n             byte x = 64;\n             int i;\n             byte y; \n             i = x << 2;\n             y = (byte) (x << 2);\n             System.out.print(i + \" \" + y);\n        } \n    }',4,10,1,0,'2024-01-16 13:05:39',NULL,'2024-01-23 10:09:11',NULL,NULL,NULL),(66,1,'What will be the output of the following Java program?\n\nclass box \n    {\n        int width;\n        int height;\n        int length;\n    } \n    class main\n    {\n        public static void main(String args[]) \n        {        \n             box obj = new box();\n             obj.width = 10;\n             obj.height = 2;\n             obj.length = 10;\n             int y = obj.width * obj.height * obj.length; \n             System.out.print(y);\n        } \n    }',4,10,1,0,'2024-01-16 13:06:31',NULL,'2024-01-23 10:10:56',NULL,NULL,NULL),(67,1,'What is Truncation in Java?',2,10,1,0,'2024-01-16 13:07:25',NULL,'2024-01-23 10:11:01',NULL,NULL,NULL),(68,1,'What will be the output of the following Java program?\n\nclass Output \n    {\n        public static void main(String args[])\n        {\n            int arr[] = {1, 2, 3, 4, 5};\n            for ( int i = 0; i < arr.length - 2; ++i)\n                System.out.println(arr[i] + \" \");\n        } \n    }',3,10,1,0,'2024-01-16 13:08:08',NULL,'2024-01-23 10:11:05',NULL,NULL,NULL),(69,1,'What will be the output of the following Java code snippet?\n\nclass abc\n{\n    public static void main(String args[])\n    {\n        if(args.length>0)\n        System.out.println(args.length);\n    }\n}',3,10,1,0,'2024-01-16 13:08:55',NULL,'2024-01-23 10:11:09',NULL,NULL,NULL),(70,1,' Which exception is thrown when java is out of memory?',2,10,1,0,'2024-01-16 13:09:37',NULL,'2024-01-23 10:11:12',NULL,NULL,NULL),(71,1,' What will be the output of the following Java code?\n\nclass String_demo \n    {\n        public static void main(String args[])\n        {\n            char chars[] = {\'a\', \'b\', \'c\'};\n            String s = new String(chars);\n            System.out.println(s);\n        }\n   }',3,10,1,0,'2024-01-16 13:10:21',NULL,'2024-01-23 10:11:15',NULL,NULL,NULL),(72,1,'Which of these are selection statements in Java?',1,10,1,0,'2024-01-16 13:11:05',NULL,'2024-01-23 10:11:19',NULL,NULL,NULL),(73,1,'What will be the output of the following Java program?\n\nclass recursion \n    {\n        int func (int n) \n        {\n            int result;\n            if (n == 1)\n                return 1;\n            result = func (n - 1);\n            return result;\n        }\n    } \n    class Output \n    {\n        public static void main(String args[]) \n        {\n            recursion obj = new recursion() ;\n            System.out.print(obj.func(5));\n        }\n    }',4,10,1,0,'2024-01-16 13:11:48',NULL,'2024-01-23 10:11:23',NULL,NULL,NULL),(74,1,'What will be the output of the following Java code?\n\nclass output \n    {\n        public static void main(String args[])\n        { \n           String c = \"Hello i love java\";\n           boolean var;\n           var = c.startsWith(\"hello\");\n           System.out.println(var);\n        }\n    }',3,10,1,0,'2024-01-16 13:12:24',NULL,'2024-01-23 10:11:27',NULL,NULL,NULL),(75,1,'Which of these keywords is used to define interfaces in Java?',1,10,1,0,'2024-01-16 13:12:58',NULL,'2024-01-26 11:10:12',NULL,NULL,NULL),(76,1,'What will be the output of the following Java program?\n\nclass output \n    {\n        public static void main(String args[])\n        { \n           StringBuffer s1 = new StringBuffer(\"Quiz\");\n           StringBuffer s2 = s1.reverse();\n           System.out.println(s2);\n        }\n    }',3,10,1,0,'2024-01-16 13:13:37',NULL,'2024-01-23 10:11:35',NULL,NULL,NULL),(77,1,'What will be the output of the following Java code?\n\nclass Output \n    {\n        public static void main(String args[]) \n        {\n            Integer i = new Integer(257);  \n            byte x = i.byteValue();\n            System.out.print(x);\n        }\n    }',3,10,1,0,'2024-01-16 13:14:17',NULL,'2024-01-23 10:11:38',NULL,NULL,NULL),(78,1,'What will be the output of the following Java program?\n\nclass Output \n    {\n         public static void main(String args[]) \n        {\n            double x = 2.0;  \n            double y = 3.0;\n            double z = Math.pow( x, y );\n            System.out.print(z);\n        }\n    }',3,10,1,0,'2024-01-16 13:14:56',NULL,'2024-01-26 11:10:05',NULL,NULL,NULL),(79,1,'Which of the following is a superclass of every class in Java?\n\npublic class Test {\n   public static void main(String args[]){\n      Test obj = new Test();\n      Class cls = obj.getClass().getSuperclass();\n      System.out.println(cls.getName());\n   }\n}',2,10,1,0,'2024-01-16 13:16:33',NULL,'2024-01-26 11:10:08',NULL,NULL,NULL),(80,1,'What will be the output of the following Java code?\n\nclass Output \n    {\n         public static void main(String args[]) \n         {\n             double x = 3.14;  \n             int y = (int) Math.ceil(x);\n             System.out.print(y);\n         }\n    }',3,10,1,0,'2024-01-16 13:17:05',NULL,'2024-01-26 11:10:10',NULL,NULL,NULL),(81,1,'What will be the output of the following Java program?\n\nimport java.net.*;\n    class networking \n    {\n        public static void main(String[] args) throws Exception \n        {\n            URL obj = new URL(\"https://www.sanfoundry.com/javamcq\");\n            URLConnection obj1 = obj.openConnection();\n            int len = obj1.getContentLength();\n            System.out.print(len);\n        }\n    }\n\nNote: Host URL is having length of content 127.',3,10,1,0,'2024-01-16 13:18:07',NULL,'2024-01-23 10:13:29',NULL,NULL,NULL),(82,1,'Which of the below is not a Java Profiler?',2,10,1,0,'2024-01-16 13:18:45',NULL,'2024-01-23 10:13:34',NULL,NULL,NULL),(83,1,' What will be the output of the following Java program?\n\nimport java.net.*;\n    class networking\n    {\n        public static void main(String[] args) throws MalformedURLException\n        {\n            URL obj = new URL(\"https://www.sanfoundry.com/javamcq\");\n            System.out.print(obj.toExternalForm());\n        }\n    }',3,10,1,0,'2024-01-16 13:19:22',NULL,'2024-01-23 10:13:37',NULL,NULL,NULL),(84,1,'What will be the output of the following Java code snippet?\n\nimport java.util.*;\n    class Arraylists \n    {\n        public static void main(String args[]) \n        {\n            ArrayLists obj = new ArrayLists();\n            obj.add(\"A\");\n            obj.add(\"B\");\n            obj.add(\"C\");\n            obj.add(1, \"D\");\n            System.out.println(obj);\n        }\n    }',3,10,1,0,'2024-01-16 13:20:11',NULL,'2024-01-23 10:14:07',NULL,NULL,NULL),(85,1,'What will be the output of the following Java program?\n\nimport java.util.*;\n    class Collection_iterators \n    {\n        public static void main(String args[]) \n        {\n            LinkedList list = new LinkedList();\n            list.add(new Integer(2));\n            list.add(new Integer(8));\n            list.add(new Integer(5));\n            list.add(new Integer(1));\n            Iterator i = list.iterator();\n            Collections.reverse(list);\n	    Collections.sort(list);\n            while(i.hasNext())\n	        System.out.print(i.next() + \" \");\n        }\n    }',4,10,1,0,'2024-01-16 13:41:18',NULL,'2024-01-23 10:14:12',NULL,NULL,NULL),(86,1,'Which of these statements is incorrect about Thread?\n\n',3,10,1,0,'2024-01-16 13:42:02',NULL,'2024-01-23 10:14:15',NULL,NULL,NULL),(87,1,'Which of these keywords are used for the block to be examined for exceptions?',1,10,1,0,'2024-01-16 13:42:40',NULL,'2024-01-23 10:14:53',NULL,NULL,NULL),(88,1,'What will be the output of the following Java code?\n\nclass newthread extends Thread\n    {\n	Thread t;\n	newthread()\n        {\n	    t1 = new Thread(this,\"Thread_1\");\n	    t2 = new Thread(this,\"Thread_2\");\n	    t1.start();\n	    t2.start();\n	}\n	public void run()\n        {\n	    t2.setPriority(Thread.MAX_PRIORITY);	\n	    System.out.print(t1.equals(t2));\n        }    \n    }\n    class multithreaded_programing\n    {\n        public static void main(String args[])\n        {\n            new newthread();        \n        }\n    }',4,10,1,0,'2024-01-16 13:43:22',NULL,'2024-01-26 11:10:00',NULL,NULL,NULL),(89,1,'Which one of the following is not an access modifier?',2,10,1,0,'2024-01-16 13:43:55',NULL,'2024-01-26 11:09:58',NULL,NULL,NULL),(90,1,'What will be the output of the following Java program?\n\nfinal class A \n    {\n         int i;\n    }    \n    class B extends A \n    {\n        int j;\n        System.out.println(j + \" \" + i);  \n    }    \n    class inheritance \n    {\n        public static void main(String args[])\n        {\n            B obj = new B();\n            obj.display();     \n        }\n   }',3,10,1,0,'2024-01-16 13:44:35',NULL,'2024-01-26 11:09:55',NULL,NULL,NULL),(91,1,'What is the numerical range of a char data type in Java?',2,10,1,0,'2024-01-16 13:45:08',NULL,'2024-01-26 11:09:53',NULL,NULL,NULL),(92,1,'Which class provides system independent server side implementation?',3,10,1,0,'2024-01-16 13:45:45',NULL,'2024-01-26 11:09:50',NULL,NULL,NULL),(93,1,'What will be the output of the following Java program?\n\n class overload \n   {\n        int x;\n 	double y;\n        void add(int a , int b) \n        {\n            x = a + b;\n        }\n        void add(double c , double d)\n        {\n            y = c + d;\n        }\n        overload() \n        {\n            this.x = 0;\n            this.y = 0;\n        }        \n    }    \n    class Overload_methods \n    {\n        public static void main(String args[])\n        {\n            overload obj = new overload();   \n            int a = 2;\n            double b = 3.2;\n            obj.add(a, a);\n            obj.add(b, b);\n            System.out.println(obj.x + \" \" + obj.y);     \n        }\n   }',4,10,1,0,'2024-01-16 13:46:22',NULL,'2024-01-26 11:09:48',NULL,NULL,NULL),(94,1,'Which of the following is true about servlets?',3,10,1,0,'2024-01-16 13:47:26',NULL,'2024-01-26 11:09:45',NULL,NULL,NULL),(95,2,'Which statement is true about Java?',3,10,4,0,'2024-01-23 10:07:52',NULL,'2024-01-26 11:09:42',NULL,NULL,NULL),(96,7,'What does SQL stand for?',2,10,1,0,'2024-01-29 14:29:46',NULL,NULL,NULL,NULL,NULL),(97,7,'Which SQL statement is used to extract data from a database?',2,10,1,0,'2024-01-29 14:32:43',NULL,NULL,NULL,NULL,NULL),(98,7,'Which SQL statement is used to update data in a database?',2,10,1,0,'2024-01-29 14:33:18',NULL,NULL,NULL,NULL,NULL),(99,7,'Which SQL statement is used to delete data from a database?',2,10,1,0,'2024-01-29 14:33:59',NULL,NULL,NULL,NULL,NULL),(100,7,'Which SQL statement is used to insert new data in a database?',2,10,1,0,'2024-01-29 14:34:36',NULL,NULL,NULL,NULL,NULL),(101,7,'With SQL, how do you select a column named \"FirstName\" from a table named \"Persons\"?\n',2,10,1,0,'2024-01-29 14:35:24',NULL,NULL,NULL,NULL,NULL),(102,7,'With SQL, how do you select a column named \"FirstName\" from a table named \"Persons\"?\n',2,10,1,0,'2024-01-29 14:35:42',NULL,NULL,NULL,NULL,NULL),(103,7,'With SQL, how do you select a column named \"FirstName\" from a table named \"Persons\"?',2,10,1,0,'2024-01-29 14:37:31',NULL,NULL,NULL,NULL,NULL),(104,7,'With SQL, how do you select all the columns from a table named \"Persons\"?',2,10,1,0,'2024-01-29 14:38:04',NULL,NULL,NULL,NULL,NULL),(105,7,'With SQL, how do you select all the records from a table named \"Persons\" where the value of the column \"FirstName\" is \"Peter\"?',2,10,1,0,'2024-01-29 14:38:45',NULL,NULL,NULL,NULL,NULL),(106,7,'With SQL, how do you select all the records from a table named \"Persons\" where the value of the column \"FirstName\" starts with an \"a\"?',2,10,1,0,'2024-01-29 14:39:31',NULL,NULL,NULL,NULL,NULL),(107,7,'The OR operator displays a record if ANY conditions listed are true. The AND operator displays a record if ALL of the conditions listed are true',2,10,1,0,'2024-01-29 14:40:04',NULL,NULL,NULL,NULL,NULL),(108,7,'With SQL, how do you select all the records from a table named \"Persons\" where the \"FirstName\" is \"Peter\" and the \"LastName\" is \"Jackson\"?',2,10,1,0,'2024-01-29 14:40:51',NULL,NULL,NULL,NULL,NULL),(109,7,'With SQL, how do you select all the records from a table named \"Persons\" where the \"LastName\" is alphabetically between (and including) \"Hansen\" and \"Pettersen\"?',2,10,1,0,'2024-01-29 14:41:29',NULL,NULL,NULL,NULL,NULL),(110,7,'Which SQL statement is used to return only different values?',2,10,1,0,'2024-01-29 14:42:15',NULL,NULL,NULL,NULL,NULL),(111,7,'Which SQL keyword is used to sort the result-set?',2,10,1,0,'2024-01-29 14:42:49',NULL,NULL,NULL,NULL,NULL),(112,7,'With SQL, how can you return all the records from a table named \"Persons\" sorted descending by \"FirstName\"?',2,10,1,0,'2024-01-29 14:43:21',NULL,NULL,NULL,NULL,NULL),(113,7,'With SQL, how can you insert a new record into the \"Persons\" table?',2,10,1,0,'2024-01-29 14:44:03',NULL,NULL,NULL,NULL,NULL),(114,7,'With SQL, how can you insert \"Olsen\" as the \"LastName\" in the \"Persons\" table?',2,10,1,0,'2024-01-29 14:44:39',NULL,NULL,NULL,NULL,NULL),(115,7,'How can you change \"Hansen\" into \"Nilsen\" in the \"LastName\" column in the Persons table?',2,10,1,0,'2024-01-29 14:45:10',NULL,NULL,NULL,NULL,NULL),(116,7,'With SQL, how can you delete the records where the \"FirstName\" is \"Peter\" in the Persons Table?',2,10,1,0,'2024-01-29 14:47:28',NULL,NULL,NULL,NULL,NULL),(118,7,'With SQL, how can you return the number of records in the \"Persons\" table?\n\n',2,10,1,0,'2024-01-29 14:48:12',NULL,'2024-01-29 15:47:55',NULL,NULL,NULL),(119,7,'With SQL, how can you return the number of records in the \"Persons\" table?',2,10,1,0,'2024-01-29 14:48:50',NULL,NULL,NULL,NULL,NULL),(120,7,'What is the most common type of join?',2,10,1,0,'2024-01-29 14:49:20',NULL,NULL,NULL,NULL,NULL),(121,7,'Which operator is used to select values within a range?',2,10,1,0,'2024-01-29 14:49:51',NULL,NULL,NULL,NULL,NULL),(122,7,'The NOT NULL constraint enforces a column to not accept NULL values.',2,10,1,0,'2024-01-29 14:50:21',NULL,NULL,NULL,NULL,NULL),(123,7,'Which operator is used to search for a specified pattern in a column?',2,10,1,0,'2024-01-29 14:51:01',NULL,NULL,NULL,NULL,NULL),(124,7,'Which SQL statement is used to create a database table called \'Customers\'?',2,10,1,0,'2024-01-29 14:51:54',NULL,NULL,NULL,NULL,NULL);
/*!40000 ALTER TABLE `tb_excan_question` ENABLE KEYS */;
UNLOCK TABLES;

--
-- Table structure for table `tb_excan_role`
--

DROP TABLE IF EXISTS `tb_excan_role`;
/*!40101 SET @saved_cs_client     = @@character_set_client */;
/*!50503 SET character_set_client = utf8mb4 */;
CREATE TABLE `tb_excan_role` (
  `ID` int(11) NOT NULL AUTO_INCREMENT,
  `NAME` varchar(50) CHARACTER SET utf8mb4 COLLATE utf8mb4_general_ci DEFAULT NULL,
  `DESCRIPTION` varchar(255) CHARACTER SET utf8mb4 COLLATE utf8mb4_general_ci DEFAULT NULL,
  `STATUS` int(11) DEFAULT NULL,
  `CREATE_AT` datetime DEFAULT NULL,
  `CREATE_BY` varchar(11) DEFAULT NULL,
  `UPDATE_AT` datetime DEFAULT NULL,
  `UPDATE_BY` varchar(11) DEFAULT NULL,
  `DELETE_AT` datetime DEFAULT NULL,
  PRIMARY KEY (`ID`)
) ENGINE=InnoDB AUTO_INCREMENT=19 DEFAULT CHARSET=latin1 COLLATE=latin1_swedish_ci;
/*!40101 SET character_set_client = @saved_cs_client */;

--
-- Dumping data for table `tb_excan_role`
--

LOCK TABLES `tb_excan_role` WRITE;
/*!40000 ALTER TABLE `tb_excan_role` DISABLE KEYS */;
INSERT INTO `tb_excan_role` VALUES (1,'ROLE_ADMIN','ADMIN',1,'2023-12-14 00:00:00','202260','2023-12-14 00:00:00','202260','2023-12-14 00:00:00'),(2,'ROLE_STAFF','NEW STAFF',1,'2023-12-14 00:00:00','202260','2023-12-14 00:00:00','202260','2023-12-14 00:00:00'),(4,'ROLE_USER','USER',1,'2023-12-14 00:00:00','202260','2023-12-14 00:00:00','202260','2023-12-14 00:00:00'),(6,'ROLE_HR','HR',1,NULL,NULL,'2024-01-19 10:21:56',NULL,NULL);
/*!40000 ALTER TABLE `tb_excan_role` ENABLE KEYS */;
UNLOCK TABLES;

--
-- Table structure for table `tb_excan_setting`
--

DROP TABLE IF EXISTS `tb_excan_setting`;
/*!40101 SET @saved_cs_client     = @@character_set_client */;
/*!50503 SET character_set_client = utf8mb4 */;
CREATE TABLE `tb_excan_setting` (
  `ID` int(11) NOT NULL AUTO_INCREMENT,
  `NAME` varchar(50) CHARACTER SET utf8mb4 COLLATE utf8mb4_general_ci DEFAULT NULL,
  `DURATION` int(11) DEFAULT NULL,
  `NUMBER_OF_QUESTION` int(11) DEFAULT NULL,
  `DESCRIPTION` varchar(500) CHARACTER SET utf8mb4 COLLATE utf8mb4_general_ci DEFAULT NULL,
  `STATUS` int(11) DEFAULT NULL,
  `CREATE_AT` datetime DEFAULT NULL,
  `CREATE_BY` varchar(11) DEFAULT NULL,
  `UPDATE_AT` datetime DEFAULT NULL,
  `UPDATE_BY` varchar(11) DEFAULT NULL,
  `DELETE_AT` datetime DEFAULT NULL,
  PRIMARY KEY (`ID`)
) ENGINE=InnoDB AUTO_INCREMENT=12 DEFAULT CHARSET=latin1 COLLATE=latin1_swedish_ci;
/*!40101 SET character_set_client = @saved_cs_client */;

--
-- Dumping data for table `tb_excan_setting`
--

LOCK TABLES `tb_excan_setting` WRITE;
/*!40000 ALTER TABLE `tb_excan_setting` DISABLE KEYS */;
INSERT INTO `tb_excan_setting` VALUES (10,'Test Develop FullStask',40,40,'Test Develop FullStask',0,'2024-01-18 14:15:23','000001','2024-01-29 15:35:23','202266',NULL),(11,'POSCO Full Stack Developer Entrance Exam',45,60,'Full Stack Developer Test\r\nLevel: Junior, Middle, Senior\r\nTime: 45 minutes\r\nQuestions: 60 ',0,'2024-01-19 13:20:10','000001',NULL,NULL,NULL);
/*!40000 ALTER TABLE `tb_excan_setting` ENABLE KEYS */;
UNLOCK TABLES;

--
-- Table structure for table `tb_excan_setting_item`
--

DROP TABLE IF EXISTS `tb_excan_setting_item`;
/*!40101 SET @saved_cs_client     = @@character_set_client */;
/*!50503 SET character_set_client = utf8mb4 */;
CREATE TABLE `tb_excan_setting_item` (
  `ID` int(11) NOT NULL AUTO_INCREMENT,
  `SETTING_ID` int(11) DEFAULT NULL,
  `CATEGORY_ID` int(11) DEFAULT NULL,
  `NUMBER_OF_QUESTION` int(11) DEFAULT NULL,
  `LEVEL` int(11) DEFAULT NULL,
  `STATUS` int(11) DEFAULT NULL,
  `CREATE_AT` datetime DEFAULT NULL,
  `CREATE_BY` varchar(11) DEFAULT NULL,
  `UPDATE_AT` datetime DEFAULT NULL,
  `UPDATE_BY` varchar(11) DEFAULT NULL,
  `DELETE_AT` datetime DEFAULT NULL,
  PRIMARY KEY (`ID`),
  KEY `FK_tb_excan_setting_item_tb_excan_category` (`CATEGORY_ID`),
  KEY `FK_tb_excan_setting_item_tb_excan_setting` (`SETTING_ID`),
  CONSTRAINT `FK_tb_excan_setting_item_tb_excan_category` FOREIGN KEY (`CATEGORY_ID`) REFERENCES `tb_excan_category` (`ID`) ON DELETE NO ACTION ON UPDATE NO ACTION,
  CONSTRAINT `FK_tb_excan_setting_item_tb_excan_setting` FOREIGN KEY (`SETTING_ID`) REFERENCES `tb_excan_setting` (`ID`) ON DELETE NO ACTION ON UPDATE NO ACTION
) ENGINE=InnoDB AUTO_INCREMENT=50 DEFAULT CHARSET=latin1 COLLATE=latin1_swedish_ci;
/*!40101 SET character_set_client = @saved_cs_client */;

--
-- Dumping data for table `tb_excan_setting_item`
--

LOCK TABLES `tb_excan_setting_item` WRITE;
/*!40000 ALTER TABLE `tb_excan_setting_item` DISABLE KEYS */;
INSERT INTO `tb_excan_setting_item` VALUES (27,10,1,5,1,0,'2024-01-18 14:15:23','000001','2024-01-29 15:35:23','202266',NULL),(28,10,1,5,2,0,'2024-01-18 14:15:23','000001','2024-01-29 15:35:23','202266',NULL),(29,10,1,2,3,0,'2024-01-18 14:15:23','000001','2024-01-29 15:35:23','202266',NULL),(30,10,1,2,4,0,'2024-01-18 14:15:23','000001','2024-01-29 15:35:23','202266',NULL),(31,10,2,5,1,0,'2024-01-18 14:15:23','000001','2024-01-29 15:35:23','202266',NULL),(32,10,2,5,2,0,'2024-01-18 14:15:23','000001','2024-01-29 15:35:23','202266',NULL),(33,10,2,3,3,0,'2024-01-18 14:15:23','000001','2024-01-29 15:35:23','202266',NULL),(34,10,2,3,4,0,'2024-01-18 14:15:23','000001','2024-01-29 15:35:23','202266',NULL),(35,11,1,5,1,0,'2024-01-19 13:20:10','000001',NULL,NULL,NULL),(36,11,1,6,2,0,'2024-01-19 13:20:10','000001',NULL,NULL,NULL),(37,11,1,4,2,0,'2024-01-19 13:20:10','000001',NULL,NULL,NULL),(38,11,1,3,3,0,'2024-01-19 13:20:10','000001',NULL,NULL,NULL),(39,11,2,5,1,0,'2024-01-19 13:20:10','000001',NULL,NULL,NULL),(40,11,2,7,2,0,'2024-01-19 13:20:10','000001',NULL,NULL,NULL),(41,11,2,5,3,0,'2024-01-19 13:20:10','000001',NULL,NULL,NULL),(42,11,2,3,4,0,'2024-01-19 13:20:10','000001',NULL,NULL,NULL),(43,11,5,3,1,0,'2024-01-19 13:20:10','000001',NULL,NULL,NULL),(44,11,5,4,2,0,'2024-01-19 13:20:10','000001',NULL,NULL,NULL),(45,11,6,3,1,0,'2024-01-19 13:20:10','000001',NULL,NULL,NULL),(46,11,6,6,2,0,'2024-01-19 13:20:10','000001',NULL,NULL,NULL),(47,11,6,3,3,0,'2024-01-19 13:20:10','000001',NULL,NULL,NULL),(48,11,6,3,4,0,'2024-01-19 13:20:10','000001',NULL,NULL,NULL),(49,10,7,10,2,0,'2024-01-29 15:35:23',NULL,NULL,'202266',NULL);
/*!40000 ALTER TABLE `tb_excan_setting_item` ENABLE KEYS */;
UNLOCK TABLES;

--
-- Table structure for table `tb_excan_user`
--

DROP TABLE IF EXISTS `tb_excan_user`;
/*!40101 SET @saved_cs_client     = @@character_set_client */;
/*!50503 SET character_set_client = utf8mb4 */;
CREATE TABLE `tb_excan_user` (
  `ID` varchar(11) NOT NULL DEFAULT '',
  `NAME` varchar(255) CHARACTER SET utf8mb4 COLLATE utf8mb4_general_ci NOT NULL,
  `ROLE_ID` int(11) NOT NULL,
  `PASSWORD` varchar(255) NOT NULL,
  `EMAIL` varchar(255) DEFAULT NULL,
  `PHONE` varchar(255) DEFAULT NULL,
  `ADDRESS` varchar(255) CHARACTER SET utf8mb4 COLLATE utf8mb4_general_ci DEFAULT NULL,
  `AVATAR` varchar(255) DEFAULT NULL,
  `DESCRIPTION` varchar(255) CHARACTER SET utf8mb4 COLLATE utf8mb4_general_ci DEFAULT NULL,
  `STATUS` varchar(50) DEFAULT NULL,
  `CREATE_AT` datetime DEFAULT NULL,
  `CREATE_BY` varchar(11) DEFAULT NULL,
  `UPDATE_AT` datetime DEFAULT NULL,
  `UPDATE_BY` varchar(11) DEFAULT NULL,
  `DELETE_AT` datetime DEFAULT NULL,
  PRIMARY KEY (`ID`),
  KEY `FK_tb_excan_user_tb_excan_role` (`ROLE_ID`),
  CONSTRAINT `FK_tb_excan_user_tb_excan_role` FOREIGN KEY (`ROLE_ID`) REFERENCES `tb_excan_role` (`ID`) ON DELETE NO ACTION ON UPDATE NO ACTION
) ENGINE=InnoDB DEFAULT CHARSET=latin1 COLLATE=latin1_swedish_ci;
/*!40101 SET character_set_client = @saved_cs_client */;

--
-- Dumping data for table `tb_excan_user`
--

LOCK TABLES `tb_excan_user` WRITE;
/*!40000 ALTER TABLE `tb_excan_user` DISABLE KEYS */;
INSERT INTO `tb_excan_user` VALUES ('000001','Admin',1,'$2a$10$q.B7zx8shVjuk9lYeV9xBuJAOpfzIWxY3sHlw2gZLDWIYUrg3FPr.','leo24vn@posco.net','091-807-2460','crescent residence1','User/000001_mrLee.png','Supper Admin','1',NULL,NULL,'2024-01-26 08:39:28','202266',NULL),('202260','Nguyn Minh Tr',1,'$2a$10$AIK3dayvjaq.C1IpNJZ3A.iSZEMY4mtkovbkjhXDIYnoSCxTdwIOa','minhtri@posco.net','094-700-9497','153 L Thng Kit, P.7, Q.11, TP.HCM','User/202260_Tri.jpg','153 L Thng Kit, P.7, Q.11, Tp.HCM','1',NULL,'000001','2024-01-29 09:33:52','202266',NULL),('202266','Nguyn c Ngha',1,'$2a$10$q6tT3wo7zHrHLRoGYMQHauEbqekDWLzsE6f4CpCgU74PUFDzP7d8.','ducnghia@posco.net','098-972-0466','303 Dng Qung Hm','/User/202266_IMG_6583.JPG','303 Dng Qung Hm 321 a  ','1',NULL,'1','2024-01-26 08:30:50','202266',NULL),('202274','V Hong Long',6,'$2a$10$D5RinGZxWWa5sqL9YaS2ResLpTD121VtsCQ7iCcTubc/8GfsYlHKm','long.vh@posco.net','038-887-9177','B1209 CC Ecogreen 107 Nguyn Vn Linh, Q7, TP.HCM ','User/202274_vhl.jpg','HR Employee','1',NULL,'000001','2024-01-29 09:33:29','202266',NULL);
/*!40000 ALTER TABLE `tb_excan_user` ENABLE KEYS */;
UNLOCK TABLES;

--
-- Dumping routines for database 'excan013'
--
/*!50003 DROP FUNCTION IF EXISTS `get_total_score` */;
/*!50003 SET @saved_cs_client      = @@character_set_client */ ;
/*!50003 SET @saved_cs_results     = @@character_set_results */ ;
/*!50003 SET @saved_col_connection = @@collation_connection */ ;
/*!50003 SET character_set_client  = utf8mb4 */ ;
/*!50003 SET character_set_results = utf8mb4 */ ;
/*!50003 SET collation_connection  = utf8mb4_unicode_ci */ ;
/*!50003 SET @saved_sql_mode       = @@sql_mode */ ;
/*!50003 SET sql_mode              = 'IGNORE_SPACE,STRICT_TRANS_TABLES,ERROR_FOR_DIVISION_BY_ZERO,NO_AUTO_CREATE_USER,NO_ENGINE_SUBSTITUTION' */ ;
DELIMITER ;;
CREATE  FUNCTION `get_total_score`(p_exam_id INT) RETURNS int(11)
BEGIN

    DECLARE total_score INT;

    SELECT SUM(tea.SCORE) INTO total_score

    FROM tb_excan_exam_question teeq

    JOIN tb_excan_answer tea ON teeq.QUESTION_ID = tea.QUESTION_ID

    WHERE teeq.EXAM_ID = p_exam_id;

    RETURN total_score;

END ;;
DELIMITER ;
/*!50003 SET sql_mode              = @saved_sql_mode */ ;
/*!50003 SET character_set_client  = @saved_cs_client */ ;
/*!50003 SET character_set_results = @saved_cs_results */ ;
/*!50003 SET collation_connection  = @saved_col_connection */ ;
/*!50003 DROP PROCEDURE IF EXISTS `CREATE_EXAM_INSTANCE` */;
/*!50003 SET @saved_cs_client      = @@character_set_client */ ;
/*!50003 SET @saved_cs_results     = @@character_set_results */ ;
/*!50003 SET @saved_col_connection = @@collation_connection */ ;
/*!50003 SET character_set_client  = utf8mb4 */ ;
/*!50003 SET character_set_results = utf8mb4 */ ;
/*!50003 SET collation_connection  = utf8mb4_unicode_ci */ ;
/*!50003 SET @saved_sql_mode       = @@sql_mode */ ;
/*!50003 SET sql_mode              = 'IGNORE_SPACE,STRICT_TRANS_TABLES,ERROR_FOR_DIVISION_BY_ZERO,NO_AUTO_CREATE_USER,NO_ENGINE_SUBSTITUTION' */ ;
DELIMITER ;;
CREATE  PROCEDURE `CREATE_EXAM_INSTANCE`(

	IN  p_exam_id     INT,

	IN  p_profile_id  INT,

	IN  p_creator     VARCHAR(255),

	OUT o_rowcount    INT

)
BEGIN

	-- declare begin

 	DECLARE v_done              INT DEFAULT FALSE;

 	DECLARE v_category          INT DEFAULT(0);

	DECLARE v_level             INT DEFAULT(0);

	DECLARE v_num               INT DEFAULT(0);

	DECLARE v_question_id       INT DEFAULT(0);

	DECLARE v_question_exam_id  INT DEFAULT(0);

	DECLARE v_rowcount          INT DEFAULT(0);



	DECLARE cs CURSOR FOR

	 	with recursive qn AS

 			(select 1 as num union distinct select 1+num from qn WHERE num < 100)

		SELECT T1.CATEGORY_ID

				, T1.`LEVEL`

				, qn.num

		FROM tb_excan_setting_item T1

			INNER JOIN  qn

			ON T1.NUMBER_OF_QUESTION >= qn.num

		WHERE T1.setting_id = p_profile_id

		ORDER BY T1.id, qn.num ;



	DECLARE

	   CONTINUE HANDLER FOR NOT FOUND

		SET v_done = TRUE;

	-- declare end



	-- delete exam instance if exist

	DELETE FROM tb_excan_exam_question WHERE exam_id = p_exam_id;



	-- loop for temporary list of question (in memory)

	OPEN cs;

	aloop: LOOP

	   FETCH cs INTO v_category, v_level, v_num;



	   -- exit when finish last row

		IF v_done THEN

			LEAVE aloop;

		END IF;



		-- insert an exam_question

		INSERT INTO tb_excan_exam_question

			(question_id

			, exam_id

			, create_at

			, create_by)

		SELECT

			T1.id

			, p_exam_id

			, SYSDATE()

			, p_creator

		FROM tb_excan_question T1

		WHERE T1.CATEGORY_ID = v_category

		AND T1.`LEVEL` = v_level

		AND NOT EXISTS (

			-- do not allow duplicate question

			SELECT 1

			FROM tb_excan_exam_question

			WHERE exam_id = p_exam_id

			AND question_id = T1.ID

		)

		ORDER BY RAND() LIMIT 1;

		SELECT LAST_INSERT_ID() INTO v_question_exam_id;

		SELECT ROW_COUNT() INTO v_rowcount;



		-- write a random answer order

		IF v_rowcount > 0 THEN

			SELECT question_id INTO v_question_id FROM tb_excan_exam_question WHERE ID = v_question_exam_id;



			UPDATE tb_excan_exam_question

			SET ANSWER_ORDER = (

				select

					group_concat(ID ORDER BY RAND() separator ',')

				FROM tb_excan_answer

				WHERE question_id = v_question_id and answer_order > 0

			)

			WHERE ID = v_question_exam_id;



		END IF;



	END LOOP aloop;



	CLOSE cs;



	SET o_rowcount = v_rowcount;


    -- update total_score column at tb_excan_exam table

    UPDATE tb_excan_exam

    SET TOTAL_SCORE = (

        SELECT SUM(tea.SCORE)

        FROM tb_excan_exam_question teeq

                 JOIN tb_excan_question tea

                      ON teeq.QUESTION_ID = tea.ID

        WHERE teeq.EXAM_ID = p_exam_id

    )

    WHERE ID = p_exam_id;



END ;;
DELIMITER ;
/*!50003 SET sql_mode              = @saved_sql_mode */ ;
/*!50003 SET character_set_client  = @saved_cs_client */ ;
/*!50003 SET character_set_results = @saved_cs_results */ ;
/*!50003 SET collation_connection  = @saved_col_connection */ ;
/*!40103 SET TIME_ZONE=@OLD_TIME_ZONE */;

/*!40101 SET SQL_MODE=@OLD_SQL_MODE */;
/*!40014 SET FOREIGN_KEY_CHECKS=@OLD_FOREIGN_KEY_CHECKS */;
/*!40014 SET UNIQUE_CHECKS=@OLD_UNIQUE_CHECKS */;
/*!40101 SET CHARACTER_SET_CLIENT=@OLD_CHARACTER_SET_CLIENT */;
/*!40101 SET CHARACTER_SET_RESULTS=@OLD_CHARACTER_SET_RESULTS */;
/*!40101 SET COLLATION_CONNECTION=@OLD_COLLATION_CONNECTION */;
/*!40111 SET SQL_NOTES=@OLD_SQL_NOTES */;

-- Dump completed on 2024-01-30 13:21:26
